id,revenue
3001,250803580000000.0
3002,975283400000.0
3003,250803740000000.0
3004,75300270000000.0
3005,22147636000000.0
3006,250803840000000.0
3007,250803940000000.0
3008,332200350000000.0
3009,182711060000000.0
3010,996600050000000.0
3011,22147599000000.0
3012,250803810000000.0
3013,55367866000000.0
3014,8859517000000.0
3015,221467590000000.0
3016,250803680000000.0
3017,398640600000000.0
3018,1107332900000000.0
3019,250804130000000.0
3020,2214665500000000.0
3021,332200720000000.0
3022,221467800000000.0
3023,250803780000000.0
3024,298980460000000.0
3025,250803980000000.0
3026,387567550000000.0
3027,55367724000000.0
3028,487227260000000.0
3029,5537460600000.0
3030,387567040000000.0
3031,22148030000000.0
3032,24362728000000.0
3033,3374544400.0
3034,3322867000000.0
3035,250804480000000.0
3036,60904850000000.0
3037,199320910000000.0
3038,110734525000000.0
3039,138601930000000.0
3040,250803600000000.0
3041,132881010000000.0
3042,250803940000000.0
3043,55367845000000.0
3044,66440870000000.0
3045,1550266000000000.0
3046,250803710000000.0
3047,250804180000000.0
3048,188247730000000.0
3049,250803840000000.0
3050,38758016000000.0
3051,1505863000.0
3052,221467400000000.0
3053,250803640000000.0
3054,250804150000000.0
3055,376494050000000.0
3056,250803440000000.0
3057,553666720000000.0
3058,2214663800000000.0
3059,250803940000000.0
3060,553667400000000.0
3061,155027720000000.0
3062,250804250000000.0
3063,199321350000000.0
3064,719766700000000.0
3065,221467640000000.0
3066,442934170000000.0
3067,250803810000000.0
3068,221467370000000.0
3069,1494898100000000.0
3070,250803710000000.0
3071,14396617000000.0
3072,1771731600000000.0
3073,250803810000000.0
3074,250803470000000.0
3075,143954420000000.0
3076,664400400000000.0
3077,116271690000000.0
3078,442934140000000.0
3079,276833910000000.0
3080,553666600000000.0
3081,17718716000000.0
3082,250803710000000.0
3083,138417770000000.0
3084,4626293000.0
3085,94124160000000.0
3086,442933740000000.0
3087,250803840000000.0
3088,250803580000000.0
3089,124971336000.0
3090,243613970000000.0
3091,310053820000000.0
3092,250803840000000.0
3093,830499840000000.0
3094,564740700000000.0
3095,287907900000000.0
3096,26145320000000.0
3097,2856917200000000.0
3098,71977680000000.0
3099,442934070000000.0
3100,250803710000000.0
3101,250803740000000.0
3102,3522316200000.0
3103,250803810000000.0
3104,250803640000000.0
3105,830499640000000.0
3106,885866200000000.0
3107,232541540000000.0
3108,88587770000000.0
3109,250803710000000.0
3110,1660998500000000.0
3111,115163680000000.0
3112,250803680000000.0
3113,54260670000000.0
3114,55367940000000.0
3115,56641387000000.0
3116,66441504000000.0
3117,250803640000000.0
3118,250803740000000.0
3119,1328799300000000.0
3120,1025611900000000.0
3121,250803810000000.0
3122,16611311000000.0
3123,3876998000000.0
3124,250803840000000.0
3125,250803640000000.0
3126,221467490000000.0
3127,250803860000000.0
3128,221467540000000.0
3129,332201160000000.0
3130,66441070000000.0
3131,250803980000000.0
3132,69209447000000.0
3133,250804410000000.0
3134,250803810000000.0
3135,250803640000000.0
3136,110734220000000.0
3137,885865860000000.0
3138,10487348000000.0
3139,199320840000000.0
3140,199321200000000.0
3141,132880970000000.0
3142,250803710000000.0
3143,775133150000000.0
3144,291782830000000.0
3145,250804350000000.0
3146,21417278000000.0
3147,77514580000000.0
3148,250803810000000.0
3149,553666480000000.0
3150,664399770000000.0
3151,33220985000000.0
3152,147276460000000.0
3153,250803710000000.0
3154,66441122000000.0
3155,166101250000000.0
3156,38757610000000.0
3157,27684896000000.0
3158,387567380000000.0
3159,250803810000000.0
3160,22147945000000.0
3161,250803740000000.0
3162,250803910000000.0
3163,177175420000000.0
3164,1772636200000.0
3165,250803600000000.0
3166,250803600000000.0
3167,354347550000000.0
3168,250803710000000.0
3169,250804010000000.0
3170,22148358000000.0
3171,250804530000000.0
3172,265761070000000.0
3173,22147460000000.0
3174,250803640000000.0
3175,250803810000000.0
3176,188247680000000.0
3177,332200550000000.0
3178,44294635000000.0
3179,11074626000000.0
3180,250803710000000.0
3181,18825848000000.0
3182,609033700000000.0
3183,121807550000000.0
3184,99660975000000.0
3185,775132750000000.0
3186,298980700000000.0
3187,250803940000000.0
3188,132881045000000.0
3189,498300360000000.0
3190,27684648000000.0
3191,77514650000000.0
3192,250803740000000.0
3193,409714800000000.0
3194,520446960000000.0
3195,250803600000000.0
3196,250804040000000.0
3197,250804380000000.0
3198,752987000000000.0
3199,1107332360000000.0
3200,132880800000000.0
3201,250803940000000.0
3202,54049915000000.0
3203,250803640000000.0
3204,250803810000000.0
3205,250804040000000.0
3206,44294840000000.0
3207,276834010000000.0
3208,48251764000000.0
3209,38757978000000.0
3210,1550265500000000.0
3211,250803640000000.0
3212,276834130000000.0
3213,166101020000000.0
3214,43740828000000.0
3215,44294490000000.0
3216,110734290000000.0
3217,1384165800000000.0
3218,250803940000000.0
3219,5537619500000.0
3220,442934880000000.0
3221,19933323000000.0
3222,250803540000000.0
3223,250804080000000.0
3224,1065418700.0
3225,3600044800000.0
3226,27684604000000.0
3227,442933700000000.0
3228,885866700000000.0
3229,863719300000000.0
3230,132881210000000.0
3231,149491170000000.0
3232,59798075000000.0
3233,166100780000000.0
3234,1108754000000.0
3235,250804080000000.0
3236,9966860000000.0
3237,174682300000000.0
3238,83050960000000.0
3239,250803420000000.0
3240,1218066100000000.0
3241,250803600000000.0
3242,250803710000000.0
3243,250803710000000.0
3244,250803640000000.0
3245,10299493000000.0
3246,221467440000000.0
3247,99661010000000.0
3248,387567900000000.0
3249,343273900000000.0
3250,1328798600000000.0
3251,250803540000000.0
3252,39865333000000.0
3253,143954700000000.0
3254,250803470000000.0
3255,2215590200000.0
3256,177174400000000.0
3257,55368000000000.0
3258,250803940000000.0
3259,182711060000000.0
3260,55368026000000.0
3261,1218066100000000.0
3262,287907430000000.0
3263,250803580000000.0
3264,250803710000000.0
3265,250803540000000.0
3266,250803470000000.0
3267,66441190000000.0
3268,250803540000000.0
3269,221467700000000.0
3270,387567750000000.0
3271,250803640000000.0
3272,221467400000000.0
3273,121807820000000.0
3274,996599450000000.0
3275,38758210000000.0
3276,250803740000000.0
3277,110734676000000.0
3278,631180140000000.0
3279,250804010000000.0
3280,1660998000000000.0
3281,250803740000000.0
3282,9966868000000.0
3283,1550265000000000.0
3284,121808594000000.0
3285,276834600000000.0
3286,250803640000000.0
3287,250803940000000.0
3288,143954320000000.0
3289,155027950000000.0
3290,298981500000000.0
3291,99661800000000.0
3292,719767100000000.0
3293,398640540000000.0
3294,66441020000000.0
3295,44294866000000.0
3296,272096720000.0
3297,90119700000000.0
3298,498300160000000.0
3299,19379482000000.0
3300,249150750000000.0
3301,250803710000000.0
3302,250804040000000.0
3303,250804150000000.0
3304,88587880000000.0
3305,188247800000000.0
3306,11074282000000.0
3307,221467800000000.0
3308,221467520000000.0
3309,250803640000000.0
3310,11074511000000.0
3311,250803420000000.0
3312,250803740000000.0
3313,387567000000000.0
3314,250803840000000.0
3315,553667400000000.0
3316,166100950000000.0
3317,250803710000000.0
3318,250803600000000.0
3319,250803710000000.0
3320,121807670000000.0
3321,66441106000000.0
3322,250803810000000.0
3323,730840360000000.0
3324,110734265000000.0
3325,553667100000000.0
3326,830499840000000.0
3327,276834260000000.0
3328,276833910000000.0
3329,71977760000000.0
3330,775133200000000.0
3331,250803710000000.0
3332,251365610000000.0
3333,996599200000000.0
3334,14396516000000.0
3335,365420600000000.0
3336,77515070000000.0
3337,250803420000000.0
3338,132880820000000.0
3339,250803740000000.0
3340,575814050000000.0
3341,3799522700000.0
3342,136264200000000.0
3343,298980800000000.0
3344,27684200000000.0
3345,250803980000000.0
3346,276834010000000.0
3347,250803540000000.0
3348,387567380000000.0
3349,332200860000000.0
3350,719767460000000.0
3351,243614300000000.0
3352,15503974000000.0
3353,442933940000000.0
3354,27684952000000.0
3355,250803680000000.0
3356,166100910000000.0
3357,250803810000000.0
3358,38757886000000.0
3359,221467400000000.0
3360,250804010000000.0
3361,719766300000000.0
3362,33221387000000.0
3363,55367925000000.0
3364,50385134000000.0
3365,27684124000000.0
3366,620106700000000.0
3367,686546900000000.0
3368,250803580000000.0
3369,188247410000000.0
3370,66441584000000.0
3371,298980700000000.0
3372,33221199000000.0
3373,155028800000000.0
3374,22513388000000.0
3375,553667100000000.0
3376,221467270000000.0
3377,250803840000000.0
3378,122882120000000.0
3379,775133200000000.0
3380,321127150000000.0
3381,250803740000000.0
3382,250803580000000.0
3383,250803740000000.0
3384,221467590000000.0
3385,442934240000000.0
3386,250803940000000.0
3387,221467470000000.0
3388,775133900000000.0
3389,2214664600000000.0
3390,250803840000000.0
3391,110734410000000.0
3392,250803810000000.0
3393,77514560000000.0
3394,719766300000000.0
3395,487227770000000.0
3396,250803640000000.0
3397,9966872000000.0
3398,1051966800000000.0
3399,553667100000000.0
3400,55367833000000.0
3401,38757567000000.0
3402,250803640000000.0
3403,88590110000000.0
3404,250803840000000.0
3405,166100860000000.0
3406,941232550000000.0
3407,1439531800000000.0
3408,310054000000000.0
3409,132880785000000.0
3410,221467470000000.0
3411,354347150000000.0
3412,276834130000000.0
3413,609033300000000.0
3414,250803600000000.0
3415,19346357000000.0
3416,8937357000000.0
3417,354347450000000.0
3418,88588260000000.0
3419,1384165700000000.0
3420,27684346000000.0
3421,76407270000000.0
3422,250804380000000.0
3423,1660998500000000.0
3424,250803580000000.0
3425,52599454000000.0
3426,250803940000000.0
3427,276834010000000.0
3428,2215720500000.0
3429,90802450000000.0
3430,2048564600000000.0
3431,250803940000000.0
3432,44294290000000.0
3433,105197775000000.0
3434,9967224000000.0
3435,1273432300000000.0
3436,808353040000000.0
3437,250803710000000.0
3438,71977690000000.0
3439,321127660000000.0
3440,332200550000000.0
3441,420787480000000.0
3442,250803810000000.0
3443,44294390000000.0
3444,250803540000000.0
3445,243614000000000.0
3446,250803540000000.0
3447,250803840000000.0
3448,162779210000000.0
3449,34328866000000.0
3450,298980660000000.0
3451,159457300000000.0
3452,166101100000000.0
3453,188247610000000.0
3454,332200500000000.0
3455,38757785000000.0
3456,409714650000000.0
3457,6645771000000.0
3458,33221312000000.0
3459,1993197600000000.0
3460,143954390000000.0
3461,250804150000000.0
3462,132881045000000.0
3463,442933600000000.0
3464,2215649000000.0
3465,110734525000000.0
3466,199321180000000.0
3467,250803840000000.0
3468,420786970000000.0
3469,250803740000000.0
3470,250803580000000.0
3471,55368120000000.0
3472,55367396000000.0
3473,332200550000000.0
3474,143954940000000.0
3475,1439531700000000.0
3476,250804150000000.0
3477,177174510000000.0
3478,250803640000000.0
3479,941233360000000.0
3480,44294505000000.0
3481,8638591700000.0
3482,22147762000000.0
3483,250803940000000.0
3484,250803940000000.0
3485,420787600000000.0
3486,631180140000000.0
3487,199321360000000.0
3488,44294623000000.0
3489,250803940000000.0
3490,343273920000000.0
3491,55367883000000.0
3492,22148540000000.0
3493,276834060000000.0
3494,250803810000000.0
3495,442933670000000.0
3496,250803810000000.0
3497,276834280000000.0
3498,199321080000000.0
3499,33221637000000.0
3500,250803810000000.0
3501,498300360000000.0
3502,232540970000000.0
3503,90803060000000.0
3504,609033700000000.0
3505,9967168000000.0
3506,442933870000000.0
3507,1517044700000000.0
3508,250803980000000.0
3509,250803810000000.0
3510,110734625000000.0
3511,498300430000000.0
3512,908013100000000.0
3513,35436714000000.0
3514,77514660000000.0
3515,83050830000000.0
3516,250804150000000.0
3517,1882464700000000.0
3518,166101180000000.0
3519,250804250000000.0
3520,250803640000000.0
3521,250803640000000.0
3522,19933023000000.0
3523,250804080000000.0
3524,398640750000000.0
3525,775133000000000.0
3526,250804150000000.0
3527,250804040000000.0
3528,265760500000000.0
3529,1660999000000000.0
3530,442933700000000.0
3531,138418260000000.0
3532,221468280000000.0
3533,221467700000000.0
3534,14397009000000.0
3535,775133200000000.0
3536,110734370000000.0
3537,609033500000000.0
3538,66441660000000.0
3539,276834130000000.0
3540,221467200000000.0
3541,52045750000000.0
3542,210394270000000.0
3543,250803680000000.0
3544,234201750000000.0
3545,55367490000000.0
3546,250804060000000.0
3547,885866100000000.0
3548,1937830500000000.0
3549,9524350000000.0
3550,1605632200000000.0
3551,553667100000000.0
3552,139525170000000.0
3553,33221203000000.0
3554,996600250000000.0
3555,775133500000000.0
3556,310054200000000.0
3557,121807495000000.0
3558,885866400000000.0
3559,132881154000000.0
3560,250804060000000.0
3561,387567480000000.0
3562,55367845000000.0
3563,13289060000000.0
3564,250803940000000.0
3565,46287760000000.0
3566,71978270000000.0
3567,44294426000000.0
3568,27684281000000.0
3569,752986900000000.0
3570,250803710000000.0
3571,332200400000000.0
3572,1018746400000000.0
3573,250803740000000.0
3574,232541170000000.0
3575,77514500000000.0
3576,254687620000000.0
3577,250803840000000.0
3578,110735196000000.0
3579,221467520000000.0
3580,250803940000000.0
3581,86373190000000.0
3582,520446860000000.0
3583,3455768900000.0
3584,110734710000000.0
3585,265760770000000.0
3586,53153462000000.0
3587,250803810000000.0
3588,66440970000000.0
3589,33221356000000.0
3590,250804180000000.0
3591,1827097300000000.0
3592,250804380000000.0
3593,250803640000000.0
3594,1694913000.0
3595,166100830000000.0
3596,243614300000000.0
3597,250803840000000.0
3598,276833950000000.0
3599,132881280000000.0
3600,9117312000000.0
3601,250803640000000.0
3602,20118088000000.0
3603,32114062000000.0
3604,40972310000000.0
3605,177174330000000.0
3606,250803600000000.0
3607,221467860000000.0
3608,874793000000000.0
3609,250803740000000.0
3610,265760800000000.0
3611,250803640000000.0
3612,4153857500000.0
3613,250804040000000.0
3614,498300360000000.0
3615,127344820000000.0
3616,250803980000000.0
3617,38757747000000.0
3618,420787000000000.0
3619,6363771000.0
3620,575813500000000.0
3621,1550266800000000.0
3622,409714100000000.0
3623,830499640000000.0
3624,250803470000000.0
3625,250803600000000.0
3626,188247380000000.0
3627,221467370000000.0
3628,1029820200000000.0
3629,110734280000000.0
3630,250803540000000.0
3631,775133150000000.0
3632,250804150000000.0
3633,387567680000000.0
3634,250803940000000.0
3635,26577069000000.0
3636,188247580000000.0
3637,14396597000000.0
3638,116270855000000.0
3639,874792600000000.0
3640,1550266200000000.0
3641,250803980000000.0
3642,250803910000000.0
3643,99660910000000.0
3644,65378928000000.0
3645,188247480000000.0
3646,44294390000000.0
3647,166100810000000.0
3648,26577283000000.0
3649,19933382000000.0
3650,27684755000000.0
3651,2214664300000000.0
3652,250803810000000.0
3653,609034350000000.0
3654,250804250000000.0
3655,137310690000000.0
3656,250804580000000.0
3657,250803600000000.0
3658,250803740000000.0
3659,387567380000000.0
3660,885866200000000.0
3661,99661190000000.0
3662,332200820000000.0
3663,1439531700000000.0
3664,250803600000000.0
3665,250803740000000.0
3666,38757714000000.0
3667,553667100000000.0
3668,221467800000000.0
3669,77514295000000.0
3670,221467640000000.0
3671,250803810000000.0
3672,250803860000000.0
3673,830500000000000.0
3674,66441040000000.0
3675,1771732000000000.0
3676,498301100000000.0
3677,1440570800000.0
3678,110734265000000.0
3679,398640880000000.0
3680,81944040000000.0
3681,43187480000000.0
3682,1240212100000000.0
3683,22147867000000.0
3684,498300530000000.0
3685,719766460000000.0
3686,2508730700000.0
3687,941232960000000.0
3688,250803540000000.0
3689,250803740000000.0
3690,553666820000000.0
3691,60904380000000.0
3692,250803640000000.0
3693,332201530000000.0
3694,321128330000000.0
3695,442934040000000.0
3696,31006975000000.0
3697,166100900000000.0
3698,221467800000000.0
3699,7752690700000.0
3700,250803640000000.0
3701,442933940000000.0
3702,1993964400000.0
3703,343274460000000.0
3704,221467700000000.0
3705,276834050000000.0
3706,166101130000000.0
3707,22147578000000.0
3708,110734080000000.0
3709,1550265500000000.0
3710,250803840000000.0
3711,250803580000000.0
3712,265761940000000.0
3713,110734220000000.0
3714,3323120800000.0
3715,77514410000000.0
3716,73085020000000.0
3717,250803540000000.0
3718,250803740000000.0
3719,221467640000000.0
3720,250803980000000.0
3721,4430181700000.0
3722,354347250000000.0
3723,250803840000000.0
3724,110734370000000.0
3725,250803940000000.0
3726,3877039000000.0
3727,885866000000000.0
3728,686547230000000.0
3729,11074718000000.0
3730,387567550000000.0
3731,830499640000000.0
3732,250803680000000.0
3733,941233360000000.0
3734,1771732000000000.0
3735,143954270000000.0
3736,55367883000000.0
3737,250804130000000.0
3738,22147416000000.0
3739,70870380000000.0
3740,11074837000000.0
3741,210393920000000.0
3742,442934070000000.0
3743,105198035000000.0
3744,664400700000000.0
3745,276834180000000.0
3746,775133700000000.0
3747,346264830000.0
3748,74192420000000.0
3749,250803840000000.0
3750,250803940000000.0
3751,62475693000000.0
3752,39864960000000.0
3753,250803980000000.0
3754,199320800000000.0
3755,276834600000000.0
3756,250804210000000.0
3757,1716364500000000.0
3758,442934170000000.0
3759,21040520000000.0
3760,830499300000000.0
3761,199321260000000.0
3762,1218066100000000.0
3763,332200820000000.0
3764,276834250000000.0
3765,250803740000000.0
3766,66440867000000.0
3767,66440997000000.0
3768,16943877000000.0
3769,250803640000000.0
3770,250803980000000.0
3771,221467690000000.0
3772,250803840000000.0
3773,132881090000000.0
3774,38757886000000.0
3775,664400500000000.0
3776,553667100000000.0
3777,33220976000000.0
3778,250803600000000.0
3779,250803940000000.0
3780,250803710000000.0
3781,276834130000000.0
3782,2658708000000.0
3783,442933870000000.0
3784,11007913000000.0
3785,1937831000000000.0
3786,29899279000000.0
3787,1107333430000000.0
3788,1384167300000000.0
3789,250803810000000.0
3790,250803580000000.0
3791,132880940000000.0
3792,250803580000000.0
3793,250803780000000.0
3794,88587600000000.0
3795,1218066700000000.0
3796,57693090000000.0
3797,44294570000000.0
3798,166100750000000.0
3799,250803780000000.0
3800,53153123000000.0
3801,387567680000000.0
3802,250803810000000.0
3803,38757840000000.0
3804,250803640000000.0
3805,250803580000000.0
3806,146169040000000.0
3807,250803580000000.0
3808,22147553000000.0
3809,132880940000000.0
3810,250803940000000.0
3811,250804080000000.0
3812,8306111300000.0
3813,192381390000.0
3814,250803740000000.0
3815,221468780000000.0
3816,664399900000000.0
3817,121808920000000.0
3818,442933940000000.0
3819,55368453000000.0
3820,387567480000000.0
3821,332200450000000.0
3822,166654780000000.0
3823,199320670000000.0
3824,63928508000000.0
3825,250803980000000.0
3826,332200920000000.0
3827,885866700000000.0
3828,1108372200000.0
3829,250803420000000.0
3830,276833880000000.0
3831,789389200.0
3832,775133800000000.0
3833,553666920000000.0
3834,250804150000000.0
3835,27684439000000.0
3836,83050835000000.0
3837,221467800000000.0
3838,55368190000000.0
3839,250803680000000.0
3840,387567500000000.0
3841,1440704200000.0
3842,11074828000000.0
3843,305219500000000.0
3844,250803640000000.0
3845,166829460000.0
3846,250803540000000.0
3847,250803810000000.0
3848,250803810000000.0
3849,509373660000000.0
3850,105197870000000.0
3851,199320800000000.0
3852,121807350000000.0
3853,498300700000000.0
3854,250803470000000.0
3855,250803710000000.0
3856,250804080000000.0
3857,1993197400000000.0
3858,250803580000000.0
3859,250803840000000.0
3860,132880940000000.0
3861,99662010000000.0
3862,11074569000000.0
3863,531520300000000.0
3864,232541170000000.0
3865,365421220000000.0
3866,66440920000000.0
3867,775132900000000.0
3868,22147976000000.0
3869,387567380000000.0
3870,442933800000000.0
3871,1827098800000000.0
3872,27684870000000.0
3873,149490900000000.0
3874,250803740000000.0
3875,310054560000000.0
3876,831192560000.0
3877,155027480000000.0
3878,310054900000000.0
3879,1550265500000000.0
3880,287907160000000.0
3881,250803400000000.0
3882,250803600000000.0
3883,38757483000000.0
3884,808353650000000.0
3885,132880995000000.0
3886,199320810000000.0
3887,22148170000000.0
3888,31449451000000.0
3889,250804280000000.0
3890,642253400000000.0
3891,44294880000000.0
3892,250803940000000.0
3893,1660998000000000.0
3894,420787340000000.0
3895,166101080000000.0
3896,332200620000000.0
3897,250803680000000.0
3898,254687320000000.0
3899,1937832100000000.0
3900,16483469000000.0
3901,842509600000.0
3902,250803640000000.0
3903,250804480000000.0
3904,55777920000000.0
3905,55367883000000.0
3906,221467900000000.0
3907,250804040000000.0
3908,250803980000000.0
3909,1440518100000.0
3910,38758016000000.0
3911,14396280000000.0
3912,94124130000000.0
3913,409714200000000.0
3914,110734270000000.0
3915,830500650000000.0
3916,250803540000000.0
3917,250803780000000.0
3918,110734390000000.0
3919,332201430000000.0
3920,243614000000000.0
3921,250803710000000.0
3922,221467640000000.0
3923,221467540000000.0
3924,110734490000000.0
3925,1107332960000000.0
3926,250803640000000.0
3927,387567300000000.0
3928,664400440000000.0
3929,298980800000000.0
3930,250803360000000.0
3931,132880870000000.0
3932,250803840000000.0
3933,143954350000000.0
3934,310054020000000.0
3935,6245501400.0
3936,250804040000000.0
3937,664400200000000.0
3938,66440810000000.0
3939,152813020000000.0
3940,42631027000000.0
3941,105197985000000.0
3942,1218065600000000.0
3943,2214665000000000.0
3944,250803710000000.0
3945,166101020000000.0
3946,250803640000000.0
3947,332200420000000.0
3948,18215156000000.0
3949,250803940000000.0
3950,250803840000000.0
3951,8029315500000.0
3952,243614190000000.0
3953,609033340000000.0
3954,1660998300000000.0
3955,250804080000000.0
3956,442934880000000.0
3957,250803840000000.0
3958,1108281900000.0
3959,77514360000000.0
3960,250803680000000.0
3961,243614000000000.0
3962,250803980000000.0
3963,71977880000000.0
3964,2325397600000000.0
3965,775132750000000.0
3966,188247610000000.0
3967,1550265000000000.0
3968,276833880000000.0
3969,250803640000000.0
3970,88587940000000.0
3971,121807450000000.0
3972,250804480000000.0
3973,221467490000000.0
3974,250803500000000.0
3975,332201020000000.0
3976,442933870000000.0
3977,664400200000000.0
3978,730840300000000.0
3979,250803780000000.0
3980,250803840000000.0
3981,36542920000000.0
3982,9181270000000.0
3983,110734310000000.0
3984,553667120000000.0
3985,250803840000000.0
3986,2380764300000000.0
3987,487226960000000.0
3988,121807920000000.0
3989,110734440000000.0
3990,166101050000000.0
3991,250803860000000.0
3992,250803740000000.0
3993,188247480000000.0
3994,332200700000000.0
3995,276834010000000.0
3996,166101050000000.0
3997,71977960000000.0
3998,553667100000000.0
3999,250803780000000.0
4000,442933600000000.0
4001,47617556000000.0
4002,889642550000000.0
4003,250803470000000.0
4004,276834250000000.0
4005,5537933600000.0
4006,221467940000000.0
4007,250803600000000.0
4008,79729260000000.0
4009,110734370000000.0
4010,250804060000000.0
4011,88587930000000.0
4012,719767000000000.0
4013,265761440000000.0
4014,250803680000000.0
4015,354347600000000.0
4016,221467640000000.0
4017,138417745000000.0
4018,387567200000000.0
4019,996599500000000.0
4020,250803910000000.0
4021,332201100000000.0
4022,250803840000000.0
4023,775134000000000.0
4024,250804080000000.0
4025,250803710000000.0
4026,155028050000000.0
4027,398640440000000.0
4028,25137401000000.0
4029,250803580000000.0
4030,110734575000000.0
4031,730839900000000.0
4032,250803980000000.0
4033,250803470000000.0
4034,250803910000000.0
4035,332200960000000.0
4036,250803540000000.0
4037,250804580000000.0
4038,44294350000000.0
4039,250803840000000.0
4040,44294490000000.0
4041,250803940000000.0
4042,287907430000000.0
4043,45401906000000.0
4044,454007030000000.0
4045,94125060000000.0
4046,16611394000000.0
4047,2103931300000000.0
4048,27684439000000.0
4049,597743300.0
4050,250803840000000.0
4051,1660998900000000.0
4052,99661340000000.0
4053,2769599900000.0
4054,22147800000000.0
4055,166100660000000.0
4056,66441190000000.0
4057,250803740000000.0
4058,8085233500000.0
4059,33221106000000.0
4060,332200650000000.0
4061,310054460000000.0
4062,243614270000000.0
4063,38758020000000.0
4064,1771731500000000.0
4065,609033340000000.0
4066,250803740000000.0
4067,132881205000000.0
4068,250803740000000.0
4069,44294753000000.0
4070,22147867000000.0
4071,250803840000000.0
4072,250803740000000.0
4073,442934400000000.0
4074,4208092300000.0
4075,27684755000000.0
4076,166101820000000.0
4077,764060860000000.0
4078,44294447000000.0
4079,553666920000000.0
4080,250803640000000.0
4081,250803840000000.0
4082,830499840000000.0
4083,110734440000000.0
4084,250803600000000.0
4085,132881360000000.0
4086,531520860000000.0
4087,166100810000000.0
4088,166100980000000.0
4089,77514510000000.0
4090,45290816000000.0
4091,442933800000000.0
4092,132880960000000.0
4093,243614030000000.0
4094,3223546500000.0
4095,775134200000000.0
4096,250803840000000.0
4097,166101300000000.0
4098,143954150000000.0
4099,10742395000000.0
4100,276834770000000.0
4101,210394510000000.0
4102,66441220000000.0
4103,276834670000000.0
4104,250803940000000.0
4105,250803540000000.0
4106,250804040000000.0
4107,250803470000000.0
4108,276834630000000.0
4109,250803640000000.0
4110,71977840000000.0
4111,16611360000000.0
4112,88588300000000.0
4113,11074446000000.0
4114,442934400000000.0
4115,77514220000000.0
4116,166100900000000.0
4117,41160186000000.0
4118,166101080000000.0
4119,442934040000000.0
4120,250803680000000.0
4121,40972510000000.0
4122,941232800000000.0
4123,250803640000000.0
4124,298981200000000.0
4125,33221226000000.0
4126,166100810000000.0
4127,250803740000000.0
4128,250803980000000.0
4129,250803740000000.0
4130,250803740000000.0
4131,1107332500000000.0
4132,442934170000000.0
4133,221467620000000.0
4134,71977760000000.0
4135,276833950000000.0
4136,1218066100000000.0
4137,81943480000000.0
4138,221467540000000.0
4139,33221350000000.0
4140,24362223000000.0
4141,9967065000000.0
4142,99660990000000.0
4143,332200550000000.0
4144,3323101000000.0
4145,55368047000000.0
4146,39865123000000.0
4147,250803680000000.0
4148,88587810000000.0
4149,32801177000000.0
4150,250803740000000.0
4151,250804000000000.0
4152,213162870000000.0
4153,28792232000000.0
4154,15503754000000.0
4155,138417350000000.0
4156,31006493000000.0
4157,55367845000000.0
4158,166100780000000.0
4159,276834060000000.0
4160,885866200000000.0
4161,250803810000000.0
4162,79729120000000.0
4163,553666920000000.0
4164,110734676000000.0
4165,250803680000000.0
4166,250803740000000.0
4167,420786970000000.0
4168,11074244000000.0
4169,250803580000000.0
4170,250803640000000.0
4171,442934940000000.0
4172,575813650000000.0
4173,6645009600000.0
4174,22011116000000.0
4175,14396853000000.0
4176,210394140000000.0
4177,250803500000000.0
4178,1660998500000000.0
4179,250803680000000.0
4180,885866100000000.0
4181,210394530000000.0
4182,33221125000000.0
4183,287907230000000.0
4184,66441350000000.0
4185,66441020000000.0
4186,250804870000000.0
4187,121807740000000.0
4188,276833880000000.0
4189,250803580000000.0
4190,250803470000000.0
4191,250803580000000.0
4192,1440239300000.0
4193,1882464000000000.0
4194,449577880000000.0
4195,250803910000000.0
4196,250803840000000.0
4197,71977960000000.0
4198,5537986500000.0
4199,22147792000000.0
4200,442933800000000.0
4201,276834600000000.0
4202,672372600000000.0
4203,49831190000000.0
4204,265761030000000.0
4205,250803740000000.0
4206,88587960000000.0
4207,1406312100000000.0
4208,1937831300000000.0
4209,132881255000000.0
4210,555881880000000.0
4211,177174210000000.0
4212,1937831800000000.0
4213,71977530000000.0
4214,66441164000000.0
4215,250803880000000.0
4216,13070710000000.0
4217,250804280000000.0
4218,188247610000000.0
4219,166100860000000.0
4220,132880750000000.0
4221,250803740000000.0
4222,250803000000000.0
4223,442933740000000.0
4224,250803940000000.0
4225,132881020000000.0
4226,66440955000000.0
4227,27684566000000.0
4228,250803810000000.0
4229,570277000000000.0
4230,332200820000000.0
4231,99660815000000.0
4232,250803640000000.0
4233,354347220000000.0
4234,110734575000000.0
4235,250804080000000.0
4236,250803810000000.0
4237,166100660000000.0
4238,332200500000000.0
4239,498300530000000.0
4240,1162699200000000.0
4241,358223960000000.0
4242,3323028800000.0
4243,250803710000000.0
4244,553666720000000.0
4245,250803840000000.0
4246,250804150000000.0
4247,254687320000000.0
4248,33220966000000.0
4249,498300030000000.0
4250,188247410000000.0
4251,250804080000000.0
4252,664400000000000.0
4253,332200900000000.0
4254,166101380000000.0
4255,188247540000000.0
4256,1162699500000000.0
4257,885866200000000.0
4258,243614200000000.0
4259,250803640000000.0
4260,775133700000000.0
4261,66441013000000.0
4262,4984290000000.0
4263,66440938000000.0
4264,1827097600000000.0
4265,250803740000000.0
4266,250803940000000.0
4267,33220624000000.0
4268,44294367000000.0
4269,38757610000000.0
4270,1660998300000000.0
4271,553666920000000.0
4272,250803640000000.0
4273,250803840000000.0
4274,166101080000000.0
4275,250804210000000.0
4276,99661090000000.0
4277,136202820000000.0
4278,250803940000000.0
4279,110735070000000.0
4280,250803640000000.0
4281,250803640000000.0
4282,250803810000000.0
4283,250803600000000.0
4284,63672840000000.0
4285,250803540000000.0
4286,2048563800000000.0
4287,210394200000000.0
4288,276834600000000.0
4289,516349830000000.0
4290,332200900000000.0
4291,250804010000000.0
4292,250803810000000.0
4293,88587790000000.0
4294,642253600000000.0
4295,775133700000000.0
4296,166101280000000.0
4297,250803810000000.0
4298,250803580000000.0
4299,4430503600000.0
4300,276833880000000.0
4301,250803640000000.0
4302,250804080000000.0
4303,11074425000000.0
4304,99661285000000.0
4305,88588205000000.0
4306,166100950000000.0
4307,250803470000000.0
4308,250803640000000.0
4309,254687320000000.0
4310,250803710000000.0
4311,250803600000000.0
4312,155028100000000.0
4313,199321610000000.0
4314,250803810000000.0
4315,498301500000000.0
4316,1085185800000000.0
4317,250804150000000.0
4318,166101130000000.0
4319,250803440000000.0
4320,250804080000000.0
4321,354347320000000.0
4322,55367573000000.0
4323,55367830000000.0
4324,250803980000000.0
4325,3876637600000.0
4326,250803940000000.0
4327,243614390000000.0
4328,250803940000000.0
4329,250803740000000.0
4330,1937832000000000.0
4331,160564420000000.0
4332,387567600000000.0
4333,250803940000000.0
4334,553667100000000.0
4335,332200550000000.0
4336,276834470000000.0
4337,250803580000000.0
4338,1107332300000000.0
4339,465080700000000.0
4340,88587490000000.0
4341,38758263000000.0
4342,102678070000000.0
4343,155027720000000.0
4344,31006166000000.0
4345,250803740000000.0
4346,387567500000000.0
4347,332201430000000.0
4348,250803580000000.0
4349,863719500000000.0
4350,15504935000000.0
4351,442934000000000.0
4352,2215454400000.0
4353,509374560000000.0
4354,254687600000000.0
4355,121807655000000.0
4356,250803710000000.0
4357,155028350000000.0
4358,96339220000000.0
4359,55368047000000.0
4360,387567180000000.0
4361,708693100000000.0
4362,9568795000000.0
4363,387567100000000.0
4364,310054100000000.0
4365,250803780000000.0
4366,166101250000000.0
4367,104091270000000.0
4368,442933800000000.0
4369,155027450000000.0
4370,442933640000000.0
4371,30752060000000.0
4372,199321010000000.0
4373,250803940000000.0
4374,71978166000000.0
4375,250803710000000.0
4376,250803420000000.0
4377,250804280000000.0
4378,942435600000.0
4379,586887000000000.0
4380,287907760000000.0
4381,664400030000000.0
4382,1771731700000000.0
4383,1218066100000000.0
4384,166100750000000.0
4385,250803840000000.0
4386,863719700000000.0
4387,121807820000000.0
4388,127344556000000.0
4389,1107332160000000.0
4390,9064149000000.0
4391,7835240400000.0
4392,775133500000000.0
4393,59798060000000.0
4394,221467620000000.0
4395,250803940000000.0
4396,332201100000000.0
4397,250804060000000.0
4398,1107333200000000.0
4399,35989423000000.0
4400,138417490000000.0
4401,250804560000000.0
4402,98553930000000.0
4403,221467370000000.0
4404,155028120000000.0
4405,44294750000000.0
4406,250803680000000.0
4407,55367455000000.0
4408,250804000000000.0
4409,250803640000000.0
4410,88587820000000.0
4411,276833910000000.0
4412,664400300000000.0
4413,276833900000000.0
4414,250803640000000.0
4415,250803940000000.0
4416,250803940000000.0
4417,332201560000000.0
4418,250803810000000.0
4419,542594020000000.0
4420,1074113500000000.0
4421,44294077000000.0
4422,250803910000000.0
4423,250803640000000.0
4424,993924000.0
4425,22149230000000.0
4426,250804480000000.0
4427,149490930000000.0
4428,83050935000000.0
4429,55367627000000.0
4430,250803640000000.0
4431,3721160800000.0
4432,775133150000000.0
4433,1328798300000000.0
4434,2491496000000000.0
4435,51525480000000.0
4436,22148423000000.0
4437,250803640000000.0
4438,250803710000000.0
4439,38757844000000.0
4440,11074394000000.0
4441,221467980000000.0
4442,24628288000000.0
4443,250803600000000.0
4444,250803980000000.0
4445,143954150000000.0
4446,250803600000000.0
4447,553666820000000.0
4448,250804820000000.0
4449,250803640000000.0
4450,830500400000000.0
4451,1040893200000000.0
4452,121807720000000.0
4453,250804080000000.0
4454,250803640000000.0
4455,250803710000000.0
4456,719766600000000.0
4457,33220867000000.0
4458,250803420000000.0
4459,77514470000000.0
4460,1080661100.0
4461,465080600000000.0
4462,276834830000000.0
4463,110734150000000.0
4464,332200550000000.0
4465,199320600000000.0
4466,250803810000000.0
4467,55368437000000.0
4468,250803810000000.0
4469,110734530000000.0
4470,265760660000000.0
4471,250803540000000.0
4472,730840300000000.0
4473,250804150000000.0
4474,250803980000000.0
4475,44294600000000.0
4476,250803640000000.0
4477,199320980000000.0
4478,33220990000000.0
4479,7752498000000.0
4480,298981400000000.0
4481,5537727000000.0
4482,250803740000000.0
4483,1662165800000.0
4484,250803810000000.0
4485,221467250000000.0
4486,55367615000000.0
4487,55368070000000.0
4488,564740000000000.0
4489,199320810000000.0
4490,250803710000000.0
4491,442934680000000.0
4492,143954550000000.0
4493,250803810000000.0
4494,40972755000000.0
4495,88587880000000.0
4496,132881090000000.0
4497,250803740000000.0
4498,243614220000000.0
4499,250803740000000.0
4500,343273950000000.0
4501,575813500000000.0
4502,66440980000000.0
4503,1550265500000000.0
4504,250803680000000.0
4505,250803710000000.0
4506,553667220000000.0
4507,22147613000000.0
4508,94124070000000.0
4509,250803810000000.0
4510,188358060000000.0
4511,675473700000000.0
4512,250803810000000.0
4513,387567040000000.0
4514,55367564000000.0
4515,1660997500000000.0
4516,16611278000000.0
4517,221467440000000.0
4518,1494898100000000.0
4519,310054600000000.0
4520,132881255000000.0
4521,60904750000000.0
4522,287907560000000.0
4523,66441483000000.0
4524,250803640000000.0
4525,250803740000000.0
4526,250803940000000.0
4527,99660930000000.0
4528,250804060000000.0
4529,250803780000000.0
4530,121807605000000.0
4531,16611164000000.0
4532,33221278000000.0
4533,116271100000000.0
4534,88587640000000.0
4535,609033400000000.0
4536,83051020000000.0
4537,50181395000000.0
4538,166101130000000.0
4539,250803580000000.0
4540,343273900000000.0
4541,166101000000000.0
4542,210394460000000.0
4543,343273900000000.0
4544,250803840000000.0
4545,250803580000000.0
4546,250803540000000.0
4547,21593925000000.0
4548,250804040000000.0
4549,4197855000000.0
4550,250803840000000.0
4551,2214663900000000.0
4552,276835660000000.0
4553,166100580000000.0
4554,841573300000000.0
4555,1003034750.0
4556,287907100000000.0
4557,250803810000000.0
4558,121807760000000.0
4559,143954550000000.0
4560,276834480000000.0
4561,88588205000000.0
4562,250803910000000.0
4563,520448230000000.0
4564,111714615000.0
4565,250803540000000.0
4566,166100710000000.0
4567,520446820000000.0
4568,250803740000000.0
4569,254687280000000.0
4570,77514310000000.0
4571,71977470000000.0
4572,232540900000000.0
4573,221467620000000.0
4574,250803740000000.0
4575,250803940000000.0
4576,110734370000000.0
4577,250803840000000.0
4578,188247310000000.0
4579,250803940000000.0
4580,132880960000000.0
4581,166100710000000.0
4582,332201100000000.0
4583,930159660000000.0
4584,250803740000000.0
4585,775133200000000.0
4586,250803810000000.0
4587,250803840000000.0
4588,941233500000000.0
4589,250803640000000.0
4590,2768331400000000.0
4591,188248150000000.0
4592,250803710000000.0
4593,7752496700000.0
4594,132880894000000.0
4595,1051965940000000.0
4596,1660997500000000.0
4597,33221692000000.0
4598,775133550000000.0
4599,28136503000000.0
4600,250803640000000.0
4601,387567250000000.0
4602,44294650000000.0
4603,199320960000000.0
4604,110734280000000.0
4605,941232550000000.0
4606,730840200000000.0
4607,110734520000000.0
4608,250804150000000.0
4609,155027410000000.0
4610,830500000000000.0
4611,38758276000000.0
4612,110734265000000.0
4613,166100680000000.0
4614,250803940000000.0
4615,27684566000000.0
4616,22147408000000.0
4617,332200760000000.0
4618,250803640000000.0
4619,22148414000000.0
4620,8306611500000.0
4621,465080600000000.0
4622,250804180000000.0
4623,51368330000000.0
4624,1383645000.0
4625,66330510000000.0
4626,22148160000000.0
4627,31006426000000.0
4628,250803840000000.0
4629,250803540000000.0
4630,14396522000000.0
4631,143953970000000.0
4632,38757823000000.0
4633,250803810000000.0
4634,250803810000000.0
4635,250803360000000.0
4636,298981330000000.0
4637,250803810000000.0
4638,38757978000000.0
4639,11074257000000.0
4640,177174820000000.0
4641,121807760000000.0
4642,33220884000000.0
4643,941232350000000.0
4644,44294375000000.0
4645,6578147000.0
4646,2712963600000000.0
4647,250803740000000.0
4648,250804040000000.0
4649,509373660000000.0
4650,276834430000000.0
4651,199321110000000.0
4652,885866260000000.0
4653,250803470000000.0
4654,343274200000000.0
4655,553666850000000.0
4656,27684575000000.0
4657,250803980000000.0
4658,33221834000000.0
4659,250804060000000.0
4660,1772853300000.0
4661,22147850000000.0
4662,250804040000000.0
4663,250804080000000.0
4664,22148358000000.0
4665,220200320000000.0
4666,221467170000000.0
4667,387567680000000.0
4668,250803810000000.0
4669,250804060000000.0
4670,132881255000000.0
4671,16611046000000.0
4672,250803600000000.0
4673,110734415000000.0
4674,41733996000000.0
4675,88587740000000.0
4676,250803740000000.0
4677,250803360000000.0
4678,88588046000000.0
4679,250803470000000.0
4680,250804040000000.0
4681,155027450000000.0
4682,250803740000000.0
4683,250803740000000.0
4684,250803840000000.0
4685,221467470000000.0
4686,77514330000000.0
4687,33221178000000.0
4688,908013000000000.0
4689,250803740000000.0
4690,250803640000000.0
4691,99661126000000.0
4692,250803710000000.0
4693,2769461200000.0
4694,250804130000000.0
4695,155027430000000.0
4696,250804250000000.0
4697,609033740000000.0
4698,250803600000000.0
4699,155027770000000.0
4700,885866260000000.0
4701,1107332500000000.0
4702,44294447000000.0
4703,2769667800000.0
4704,118485880000000.0
4705,166101400000000.0
4706,409713640000000.0
4707,177173980000000.0
4708,66440970000000.0
4709,5789327400.0
4710,1660998000000000.0
4711,55367740000000.0
4712,8306023000000.0
4713,1218066100000000.0
4714,143954130000000.0
4715,250803580000000.0
4716,250803600000000.0
4717,127344400000000.0
4718,55368060000000.0
4719,498300500000000.0
4720,250803740000000.0
4721,76406930000000.0
4722,298980900000000.0
4723,5537745000000.0
4724,775133800000000.0
4725,55368214000000.0
4726,250803780000000.0
4727,22147770000000.0
4728,132881140000000.0
4729,553667100000000.0
4730,250803640000000.0
4731,110735440000000.0
4732,1140553300000000.0
4733,250803470000000.0
4734,1218066500000000.0
4735,310053860000000.0
4736,250803940000000.0
4737,265760560000000.0
4738,250803580000000.0
4739,332201020000000.0
4740,2879062300000000.0
4741,250803600000000.0
4742,553667760000000.0
4743,250803640000000.0
4744,250803640000000.0
4745,885866100000000.0
4746,276833950000000.0
4747,27684562000000.0
4748,332201160000000.0
4749,177174040000000.0
4750,250803740000000.0
4751,132881400000000.0
4752,250803840000000.0
4753,49831133000000.0
4754,2214664500000000.0
4755,250803840000000.0
4756,188247510000000.0
4757,1018746650000000.0
4758,498300360000000.0
4759,1937831100000000.0
4760,250803640000000.0
4761,88587740000000.0
4762,250803740000000.0
4763,250803600000000.0
4764,1660998300000000.0
4765,55368013000000.0
4766,675473260000000.0
4767,276834530000000.0
4768,332200400000000.0
4769,166100780000000.0
4770,664399770000000.0
4771,177174720000000.0
4772,66440930000000.0
4773,166100900000000.0
4774,250803840000000.0
4775,250803640000000.0
4776,20189475000000.0
4777,1218065500000000.0
4778,332200800000000.0
4779,250804350000000.0
4780,609033950000000.0
4781,250803740000000.0
4782,365420380000000.0
4783,121807450000000.0
4784,96339380000000.0
4785,121808210000000.0
4786,332200720000000.0
4787,387567480000000.0
4788,110734676000000.0
4789,41310497000000.0
4790,254687800000000.0
4791,250804040000000.0
4792,250803840000000.0
4793,45401906000000.0
4794,250803810000000.0
4795,250803980000000.0
4796,33221337000000.0
4797,2768330000000000.0
4798,276834670000000.0
4799,250804010000000.0
4800,143954400000000.0
4801,16610965000000.0
4802,166101470000000.0
4803,8712256000000.0
4804,250803910000000.0
4805,250803580000000.0
4806,11074245000000.0
4807,250803680000000.0
4808,250803710000000.0
4809,442934240000000.0
4810,250803420000000.0
4811,250803640000000.0
4812,553666900000000.0
4813,354347150000000.0
4814,250803710000000.0
4815,83051280000000.0
4816,94124520000000.0
4817,52046240000000.0
4818,553666480000000.0
4819,16611115000000.0
4820,498300530000000.0
4821,250804150000000.0
4822,250803640000000.0
4823,250803780000000.0
4824,166101220000000.0
4825,116271240000000.0
4826,250803740000000.0
4827,387567500000000.0
4828,211501570000000.0
4829,221467720000000.0
4830,54260906000000.0
4831,188247540000000.0
4832,166100910000000.0
4833,20819200000000.0
4834,250803810000000.0
4835,32113990000000.0
4836,250803680000000.0
4837,664400440000000.0
4838,155028290000000.0
4839,730841600.0
4840,1605631400000000.0
4841,250803540000000.0
4842,553666600000000.0
4843,775133200000000.0
4844,22147632000000.0
4845,121807690000000.0
4846,250803940000000.0
4847,896940170000000.0
4848,155028370000000.0
4849,885866700000000.0
4850,250804130000000.0
4851,250803470000000.0
4852,16611614000000.0
4853,520447120000000.0
4854,250803980000000.0
4855,442934040000000.0
4856,250803740000000.0
4857,188247510000000.0
4858,321127320000000.0
4859,250803810000000.0
4860,2214663800000000.0
4861,719767400000000.0
4862,276834470000000.0
4863,651113150000000.0
4864,420787400000000.0
4865,199320810000000.0
4866,250803840000000.0
4867,581350940000000.0
4868,11074349000000.0
4869,27684227000000.0
4870,37650750000000.0
4871,66441257000000.0
4872,250803740000000.0
4873,38757936000000.0
4874,420787540000000.0
4875,250803940000000.0
4876,354347420000000.0
4877,199320810000000.0
4878,250803910000000.0
4879,221467590000000.0
4880,166101050000000.0
4881,250803740000000.0
4882,221467670000000.0
4883,276834570000000.0
4884,664399770000000.0
4885,250804080000000.0
4886,99661190000000.0
4887,250803710000000.0
4888,250803940000000.0
4889,250803740000000.0
4890,326665200000000.0
4891,250803940000000.0
4892,110734120000000.0
4893,232541540000000.0
4894,49831190000000.0
4895,250804150000000.0
4896,10521093000000.0
4897,77514140000000.0
4898,664400200000000.0
4899,221469380000000.0
4900,1018745800000000.0
4901,221467800000000.0
4902,2769365000000.0
4903,1129136100.0
4904,1295579300000000.0
4905,88587960000000.0
4906,250803470000000.0
4907,2768330000000000.0
4908,182710680000000.0
4909,387567100000000.0
4910,77514345000000.0
4911,71977790000000.0
4912,332200550000000.0
4913,44294470000000.0
4914,343273750000000.0
4915,332200860000000.0
4916,250804150000000.0
4917,99661160000000.0
4918,664399900000000.0
4919,177174280000000.0
4920,155027480000000.0
4921,442933670000000.0
4922,250804080000000.0
4923,250804060000000.0
4924,387567250000000.0
4925,775133200000000.0
4926,250803470000000.0
4927,55367984000000.0
4928,66441202000000.0
4929,250803840000000.0
4930,250804060000000.0
4931,186033000000000.0
4932,250803640000000.0
4933,387567700000000.0
4934,250803740000000.0
4935,1660998000000000.0
4936,250804040000000.0
4937,250803540000000.0
4938,250804040000000.0
4939,250803810000000.0
4940,250803910000000.0
4941,476153600000000.0
4942,250803740000000.0
4943,298980800000000.0
4944,332200700000000.0
4945,250803740000000.0
4946,22147854000000.0
4947,8859595000000.0
4948,250803640000000.0
4949,132880960000000.0
4950,204858130000000.0
4951,265760950000000.0
4952,199321040000000.0
4953,420787140000000.0
4954,232541240000000.0
4955,250803640000000.0
4956,250803840000000.0
4957,155027830000000.0
4958,66441265000000.0
4959,157242480000000.0
4960,65776620000000.0
4961,719766800000000.0
4962,250803740000000.0
4963,332200800000000.0
4964,250803710000000.0
4965,250803740000000.0
4966,121807400000000.0
4967,321127300000000.0
4968,298980530000000.0
4969,250803440000000.0
4970,250803600000000.0
4971,498300560000000.0
4972,44294505000000.0
4973,1474014200000.0
4974,642253400000000.0
4975,250803810000000.0
4976,4956745600000.0
4977,332200860000000.0
4978,250803810000000.0
4979,33221115000000.0
4980,221467590000000.0
4981,250803940000000.0
4982,442933870000000.0
4983,1018365500.0
4984,141740430000000.0
4985,1107334200000000.0
4986,2990680800000.0
4987,250804150000000.0
4988,36542907000000.0
4989,221467470000000.0
4990,250803940000000.0
4991,55367833000000.0
4992,974452900000000.0
4993,250803940000000.0
4994,498300230000000.0
4995,250803640000000.0
4996,132881045000000.0
4997,221467980000000.0
4998,38757978000000.0
4999,387567480000000.0
5000,996600450000000.0
5001,996599650000000.0
5002,575815000000000.0
5003,77514740000000.0
5004,166100950000000.0
5005,110734770000000.0
5006,1937831000000000.0
5007,188247410000000.0
5008,1605631100000000.0
5009,60904500000000.0
5010,57582383000000.0
5011,110734415000000.0
5012,775133300000000.0
5013,250803600000000.0
5014,143954350000000.0
5015,250804130000000.0
5016,442933940000000.0
5017,71977630000000.0
5018,38757850000000.0
5019,332200550000000.0
5020,250803980000000.0
5021,250803420000000.0
5022,71978260000000.0
5023,250803640000000.0
5024,431860800000000.0
5025,250803740000000.0
5026,830499240000000.0
5027,442933570000000.0
5028,166101790000000.0
5029,664400300000000.0
5030,66441886000000.0
5031,55367606000000.0
5032,1107332300000000.0
5033,65333856000000.0
5034,188247440000000.0
5035,250803600000000.0
5036,22147945000000.0
5037,199320740000000.0
5038,1494897900000000.0
5039,250803710000000.0
5040,276834370000000.0
5041,83051460000000.0
5042,250804350000000.0
5043,221467440000000.0
5044,1107332760000000.0
5045,250803840000000.0
5046,28791785000000.0
5047,1108147700000.0
5048,250803540000000.0
5049,498300530000000.0
5050,2691728700000.0
5051,1605631100000000.0
5052,830500100000000.0
5053,265760870000000.0
5054,553666900000000.0
5055,11074779000000.0
5056,250803840000000.0
5057,250804010000000.0
5058,204857470000000.0
5059,99661110000000.0
5060,553667400000000.0
5061,221467870000000.0
5062,250803640000000.0
5063,250803470000000.0
5064,354347220000000.0
5065,66440997000000.0
5066,57583423000000.0
5067,232540670000000.0
5068,33221165000000.0
5069,420787240000000.0
5070,250804150000000.0
5071,609033500000000.0
5072,387568320000000.0
5073,250803840000000.0
5074,12215085000000.0
5075,110734540000000.0
5076,188247510000000.0
5077,830500000000000.0
5078,250803840000000.0
5079,66440925000000.0
5080,498300160000000.0
5081,553666920000000.0
5082,132881020000000.0
5083,110734650000000.0
5084,199320910000000.0
5085,22147408000000.0
5086,23720247000000.0
5087,27684256000000.0
5088,250803810000000.0
5089,250803980000000.0
5090,132880945000000.0
5091,121807720000000.0
5092,171637560000000.0
5093,332200550000000.0
5094,221468650000000.0
5095,885866700000000.0
5096,138417490000000.0
5097,250803740000000.0
5098,250803980000000.0
5099,24362560000000.0
5100,250803980000000.0
5101,250803840000000.0
5102,1526444300.0
5103,22147727000000.0
5104,387567200000000.0
5105,250803910000000.0
5106,9967232000000.0
5107,250803980000000.0
5108,188247980000000.0
5109,250803470000000.0
5110,250804040000000.0
5111,498300430000000.0
5112,110734315000000.0
5113,250803540000000.0
5114,23644940000000.0
5115,44294547000000.0
5116,250803810000000.0
5117,775134200000000.0
5118,442933740000000.0
5119,4319723700000.0
5120,250803420000000.0
5121,332200900000000.0
5122,132881045000000.0
5123,250803840000000.0
5124,116270840000000.0
5125,155028020000000.0
5126,108572285000000.0
5127,77514800000000.0
5128,2215575000000.0
5129,14765793000000.0
5130,498300160000000.0
5131,99661850000000.0
5132,276834250000000.0
5133,442934070000000.0
5134,664400200000000.0
5135,830500000000000.0
5136,250803810000000.0
5137,409713900000000.0
5138,177174550000000.0
5139,885866700000000.0
5140,310055030000000.0
5141,332200900000000.0
5142,885866940000000.0
5143,210394640000000.0
5144,276834500000000.0
5145,14396674000000.0
5146,250803640000000.0
5147,110734350000000.0
5148,99661170000000.0
5149,250803940000000.0
5150,1827098400000000.0
5151,1660998500000000.0
5152,498300500000000.0
5153,250803740000000.0
5154,221467520000000.0
5155,6866788000000.0
5156,1439532900000000.0
5157,22147968000000.0
5158,77514140000000.0
5159,354347150000000.0
5160,32113856000000.0
5161,88587480000000.0
5162,442933940000000.0
5163,830499440000000.0
5164,2482199900000.0
5165,221467860000000.0
5166,830499840000000.0
5167,64226513000000.0
5168,250803940000000.0
5169,250804080000000.0
5170,1263562300000.0
5171,952306050000000.0
5172,1872613000000.0
5173,609033400000000.0
5174,664400030000000.0
5175,88587475000000.0
5176,27684885000000.0
5177,310055100000000.0
5178,1971051200000000.0
5179,250803740000000.0
5180,66441230000000.0
5181,250803640000000.0
5182,387566900000000.0
5183,22147762000000.0
5184,12181660000000.0
5185,250803600000000.0
5186,250803810000000.0
5187,38757550000000.0
5188,250803840000000.0
5189,66441240000000.0
5190,1439532600000000.0
5191,250803740000000.0
5192,465080700000000.0
5193,597959900000000.0
5194,221467470000000.0
5195,664401240000000.0
5196,166101020000000.0
5197,13290007000000.0
5198,332200720000000.0
5199,77514446000000.0
5200,33221356000000.0
5201,44294606000000.0
5202,250803840000000.0
5203,1108306700000.0
5204,250803640000000.0
5205,166100550000000.0
5206,88587880000000.0
5207,250803810000000.0
5208,2769629700000.0
5209,553666820000000.0
5210,265760560000000.0
5211,33221157000000.0
5212,11296374000000.0
5213,199320930000000.0
5214,250803400000000.0
5215,250803840000000.0
5216,66441660000000.0
5217,1877263700.0
5218,44294975000000.0
5219,22147685000000.0
5220,298980930000000.0
5221,250803540000000.0
5222,250803940000000.0
5223,116271820000000.0
5224,804813200.0
5225,250803600000000.0
5226,310053760000000.0
5227,250803780000000.0
5228,166101050000000.0
5229,830499240000000.0
5230,250803810000000.0
5231,111828070000.0
5232,250803710000000.0
5233,250803980000000.0
5234,276833950000000.0
5235,210394540000000.0
5236,885866500000000.0
5237,775133500000000.0
5238,16611345000000.0
5239,166100930000000.0
5240,77514830000000.0
5241,143954420000000.0
5242,110734315000000.0
5243,14396612000000.0
5244,442933870000000.0
5245,250803740000000.0
5246,250803940000000.0
5247,221467800000000.0
5248,250803680000000.0
5249,276834370000000.0
5250,1218065600000000.0
5251,250803740000000.0
5252,250803600000000.0
5253,60904306000000.0
5254,250803710000000.0
5255,334969060000000.0
5256,44295285000000.0
5257,250803640000000.0
5258,250803710000000.0
5259,609033340000000.0
5260,250803740000000.0
5261,243614300000000.0
5262,155027520000000.0
5263,60904792000000.0
5264,22147643000000.0
5265,250803940000000.0
5266,88587920000000.0
5267,10144428000000.0
5268,30163903000000.0
5269,553667400000000.0
5270,199320910000000.0
5271,11074540000000.0
5272,431860740000000.0
5273,250803540000000.0
5274,387567300000000.0
5275,250803940000000.0
5276,250803940000000.0
5277,33221083000000.0
5278,143954250000000.0
5279,221467620000000.0
5280,250803090000000.0
5281,199320780000000.0
5282,8605412600000.0
5283,250803680000000.0
5284,250803710000000.0
5285,276834530000000.0
5286,250803810000000.0
5287,250803740000000.0
5288,250803940000000.0
5289,146169820000000.0
5290,664400200000000.0
5291,1660998900000000.0
5292,243615210000000.0
5293,941232600000000.0
5294,250803710000000.0
5295,1660998300000000.0
5296,21040680000000.0
5297,553667100000000.0
5298,498300530000000.0
5299,39311510000000.0
5300,250803940000000.0
5301,88587920000000.0
5302,287907300000000.0
5303,250803940000000.0
5304,98553960000000.0
5305,27684353000000.0
5306,188248300000000.0
5307,1051965940000000.0
5308,2769224200000.0
5309,875661750000.0
5310,531520760000000.0
5311,29899100000000.0
5312,830499840000000.0
5313,1328799500000000.0
5314,321127320000000.0
5315,250803740000000.0
5316,155027410000000.0
5317,250803840000000.0
5318,250803810000000.0
5319,9301163000000.0
5320,110734315000000.0
5321,177174380000000.0
5322,250803740000000.0
5323,442934470000000.0
5324,88587780000000.0
5325,27684655000000.0
5326,44294816000000.0
5327,498300360000000.0
5328,66441230000000.0
5329,33221370000000.0
5330,830500300000000.0
5331,250803470000000.0
5332,250803600000000.0
5333,343274050000000.0
5334,243613920000000.0
5335,16091238000000.0
5336,91425440000000.0
5337,250803840000000.0
5338,158909360000000.0
5339,71977860000000.0
5340,250803840000000.0
5341,664400600000000.0
5342,1051965740000000.0
5343,53153620000000.0
5344,553667320000000.0
5345,250804060000000.0
5346,221468010000000.0
5347,250803640000000.0
5348,94124400000000.0
5349,15282070000000.0
5350,250803640000000.0
5351,498300500000000.0
5352,22147888000000.0
5353,155027750000000.0
5354,199321080000000.0
5355,575813500000000.0
5356,250803940000000.0
5357,250803640000000.0
5358,38758234000000.0
5359,94124630000000.0
5360,597959900000000.0
5361,250803740000000.0
5362,1772561400000.0
5363,199320910000000.0
5364,166971280000.0
5365,348811100000000.0
5366,719766600000000.0
5367,265760900000000.0
5368,221467470000000.0
5369,1218066500000000.0
5370,553667100000000.0
5371,193784610000000.0
5372,2048564600000000.0
5373,77514790000000.0
5374,332201020000000.0
5375,387567300000000.0
5376,775133000000000.0
5377,221467640000000.0
5378,250803940000000.0
5379,11074850000000.0
5380,254687380000000.0
5381,398640800000000.0
5382,354347600000000.0
5383,2769034700000.0
5384,885866400000000.0
5385,531520520000000.0
5386,250803680000000.0
5387,110734200000000.0
5388,885866500000000.0
5389,250803980000000.0
5390,250803740000000.0
5391,132881255000000.0
5392,250803640000000.0
5393,250803840000000.0
5394,166101600000000.0
5395,250804150000000.0
5396,166101400000000.0
5397,55367845000000.0
5398,221467700000000.0
5399,250803600000000.0
5400,250803710000000.0
5401,293444400000000.0
5402,276833910000000.0
5403,27452355000000.0
5404,250803580000000.0
5405,221467640000000.0
5406,8306030500000.0
5407,1362018400000000.0
5408,1882464700000000.0
5409,553667660000000.0
5410,77514210000000.0
5411,276834060000000.0
5412,250803580000000.0
5413,250803600000000.0
5414,442933800000000.0
5415,420787140000000.0
5416,143954150000000.0
5417,442933670000000.0
5418,250803600000000.0
5419,250803540000000.0
5420,166101130000000.0
5421,55368034000000.0
5422,553666920000000.0
5423,952306050000000.0
5424,830500500000000.0
5425,171637430000000.0
5426,282333700000000.0
5427,250803840000000.0
5428,5537744300000.0
5429,276834300000000.0
5430,752986550000000.0
5431,160564430000000.0
5432,304518080000000.0
5433,13289176000000.0
5434,276834470000000.0
5435,250803780000000.0
5436,138417585000000.0
5437,221467930000000.0
5438,5538155000000.0
5439,22147613000000.0
5440,387567040000000.0
5441,2548026000000.0
5442,996599450000000.0
5443,664400100000000.0
5444,276834010000000.0
5445,276833950000000.0
5446,553667120000000.0
5447,33221106000000.0
5448,189133330000000.0
5449,442934240000000.0
5450,250804060000000.0
5451,66441387000000.0
5452,250803500000000.0
5453,1107332300000000.0
5454,553667100000000.0
5455,155027800000000.0
5456,177174230000000.0
5457,387567140000000.0
5458,250803840000000.0
5459,250803940000000.0
5460,5537552000000.0
5461,250803540000000.0
5462,731792930000.0
5463,1993197300000000.0
5464,554579500000.0
5465,155027330000000.0
5466,141806620000000.0
5467,199321080000000.0
5468,764059850000000.0
5469,992157200.0
5470,1660998000000000.0
5471,509374100000000.0
5472,387567380000000.0
5473,102822250000000.0
5474,215930740000000.0
5475,442933500000000.0
5476,177174250000000.0
5477,38758010000000.0
5478,64226960000000.0
5479,498300700000000.0
5480,55367866000000.0
5481,250803740000000.0
5482,110734474000000.0
5483,55367824000000.0
5484,553667320000000.0
5485,11074404000000.0
5486,250803810000000.0
5487,1273432400000000.0
5488,321127150000000.0
5489,442933600000000.0
5490,250804060000000.0
5491,97668010000000.0
5492,99661600000000.0
5493,44294543000000.0
5494,250803360000000.0
5495,276833900000000.0
5496,66441040000000.0
5497,143954170000000.0
5498,250803710000000.0
5499,442933870000000.0
5500,49831200000000.0
5501,250803840000000.0
5502,250803710000000.0
5503,310053550000000.0
5504,35215536000000.0
5505,250804150000000.0
5506,631180200000000.0
5507,132881350000000.0
5508,664400200000000.0
5509,664400200000000.0
5510,33220985000000.0
5511,107412380000000.0
5512,498300560000000.0
5513,908987900000.0
5514,243614000000000.0
5515,132880785000000.0
5516,250803810000000.0
5517,1649924300000000.0
5518,99661570000000.0
5519,664400500000000.0
5520,27683465000000.0
5521,132880940000000.0
5522,250803470000000.0
5523,1439532600000000.0
5524,1107333200000000.0
5525,166100950000000.0
5526,88587660000000.0
5527,9791367000000.0
5528,387567380000000.0
5529,250803600000000.0
5530,1384165100000000.0
5531,250803640000000.0
5532,250804080000000.0
5533,420787270000000.0
5534,1605631000000000.0
5535,11658711000000.0
5536,250803640000000.0
5537,9413678000000.0
5538,22147817000000.0
5539,996599450000000.0
5540,110734690000000.0
5541,775133500000000.0
5542,250803810000000.0
5543,55367887000000.0
5544,132881610000000.0
5545,250803360000000.0
5546,250803810000000.0
5547,250804580000000.0
5548,66219877000000.0
5549,332200720000000.0
5550,442933670000000.0
5551,11074615000000.0
5552,332201020000000.0
5553,276834010000000.0
5554,250803810000000.0
5555,166100950000000.0
5556,77514240000000.0
5557,11074390000000.0
5558,1439532600000000.0
5559,250803710000000.0
5560,250803740000000.0
5561,110734350000000.0
5562,310054330000000.0
5563,250803680000000.0
5564,2769542400000.0
5565,27684652000000.0
5566,188247580000000.0
5567,250804150000000.0
5568,121808010000000.0
5569,304517700000000.0
5570,166101420000000.0
5571,498300830000000.0
5572,250803810000000.0
5573,941232800000000.0
5574,250803840000000.0
5575,841573300000000.0
5576,276834280000000.0
5577,276834180000000.0
5578,250803810000000.0
5579,132881000000000.0
5580,3322983000000.0
5581,227004490000000.0
5582,143954180000000.0
5583,166101300000000.0
5584,127344354000000.0
5585,243613880000000.0
5586,22147737000000.0
5587,101875670000000.0
5588,531521060000000.0
5589,664400400000000.0
5590,250803540000000.0
5591,250803880000000.0
5592,110734090000000.0
5593,66441106000000.0
5594,83051040000000.0
5595,66441408000000.0
5596,1107332300000000.0
5597,250804080000000.0
5598,221467540000000.0
5599,13843022000000.0
5600,250803910000000.0
5601,210394100000000.0
5602,498300030000000.0
5603,250803260000000.0
5604,25248586000000.0
5605,996599650000000.0
5606,575813900000000.0
5607,221468010000000.0
5608,461511480000000.0
5609,250803840000000.0
5610,166100900000000.0
5611,321127260000000.0
5612,2214663200000000.0
5613,13289535000000.0
5614,110734365000000.0
5615,276834420000000.0
5616,250804210000000.0
5617,1660997500000000.0
5618,204857630000000.0
5619,276834130000000.0
5620,5537683000000.0
5621,276834130000000.0
5622,250804150000000.0
5623,232540740000000.0
5624,2214663900000000.0
5625,250803710000000.0
5626,250803940000000.0
5627,321127860000000.0
5628,276833910000000.0
5629,1107332500000000.0
5630,250803980000000.0
5631,332200720000000.0
5632,199321310000000.0
5633,88588290000000.0
5634,250803840000000.0
5635,376494350000000.0
5636,250803680000000.0
5637,250803740000000.0
5638,442934000000000.0
5639,250803840000000.0
5640,250803600000000.0
5641,332200800000000.0
5642,77514480000000.0
5643,250804010000000.0
5644,1660998600000000.0
5645,442934070000000.0
5646,250804060000000.0
5647,61015220000000.0
5648,498300560000000.0
5649,16610860000000.0
5650,664399900000000.0
5651,276833880000000.0
5652,55367577000000.0
5653,431860500000000.0
5654,376493800000000.0
5655,243614340000000.0
5656,1660998700000000.0
5657,250803980000000.0
5658,250803940000000.0
5659,77515190000000.0
5660,553667320000000.0
5661,250803980000000.0
5662,830500500000000.0
5663,55367660000000.0
5664,250803940000000.0
5665,387567480000000.0
5666,298980560000000.0
5667,33221104000000.0
5668,250803710000000.0
5669,55367824000000.0
5670,1948904900000000.0
5671,143955000000000.0
5672,22148014000000.0
5673,210394580000000.0
5674,55367925000000.0
5675,8306349300000.0
5676,22147534000000.0
5677,287908030000000.0
5678,553667220000000.0
5679,250803640000000.0
5680,49831268000000.0
5681,2546865000000000.0
5682,250803710000000.0
5683,996601060000000.0
5684,442933600000000.0
5685,250804250000000.0
5686,35435440000000.0
5687,298980600000000.0
5688,68655550000000.0
5689,110734320000000.0
5690,38758320000000.0
5691,199321580000000.0
5692,1937831000000000.0
5693,119592900000000.0
5694,354347080000000.0
5695,250803640000000.0
5696,276834130000000.0
5697,250803640000000.0
5698,81944110000000.0
5699,2215761700000.0
5700,332200500000000.0
5701,250803940000000.0
5702,155027850000000.0
5703,287907300000000.0
5704,250804210000000.0
5705,221467250000000.0
5706,250803740000000.0
5707,387567180000000.0
5708,2215436400000.0
5709,166101670000000.0
5710,23255163000000.0
5711,15505219000000.0
5712,752986700000000.0
5713,33221236000000.0
5714,250804040000000.0
5715,66441020000000.0
5716,250803710000000.0
5717,166101000000000.0
5718,110734315000000.0
5719,221467640000000.0
5720,132881110000000.0
5721,442934170000000.0
5722,250803420000000.0
5723,498300230000000.0
5724,250803710000000.0
5725,250803600000000.0
5726,387567250000000.0
5727,1107332300000000.0
5728,250803940000000.0
5729,1107333430000000.0
5730,42079875000000.0
5731,250803470000000.0
5732,250803840000000.0
5733,77514300000000.0
5734,199320860000000.0
5735,250803740000000.0
5736,276834060000000.0
5737,498300330000000.0
5738,387567200000000.0
5739,250803940000000.0
5740,115163950000000.0
5741,885865700000000.0
5742,265760730000000.0
5743,155027410000000.0
5744,250803640000000.0
5745,77514345000000.0
5746,155027820000000.0
5747,4707195000000.0
5748,597960100000000.0
5749,166101220000000.0
5750,310054200000000.0
5751,332200800000000.0
5752,94124160000000.0
5753,1384165400000000.0
5754,265760660000000.0
5755,664400100000000.0
5756,221467470000000.0
5757,99661075000000.0
5758,15503410000000.0
5759,250803910000000.0
5760,250803740000000.0
5761,250803640000000.0
5762,1162698600000000.0
5763,509373860000000.0
5764,250803640000000.0
5765,166100980000000.0
5766,276833910000000.0
5767,166100910000000.0
5768,110734575000000.0
5769,609033900000000.0
5770,188247440000000.0
5771,132880945000000.0
5772,210394910000000.0
5773,1461679400000000.0
5774,498300530000000.0
5775,177174380000000.0
5776,250803740000000.0
5777,775133400000000.0
5778,553667760000000.0
5779,1439532900000000.0
5780,250803640000000.0
5781,442934000000000.0
5782,31006938000000.0
5783,166101180000000.0
5784,250803780000000.0
5785,420787340000000.0
5786,166101080000000.0
5787,830499840000000.0
5788,250804040000000.0
5789,210394680000000.0
5790,553666600000000.0
5791,343274400000000.0
5792,78621935000000.0
5793,250803740000000.0
5794,298981030000000.0
5795,553668100000000.0
5796,250803840000000.0
5797,199321560000000.0
5798,250803840000000.0
5799,996600300000000.0
5800,14396198000000.0
5801,77514930000000.0
5802,250803940000000.0
5803,250803980000000.0
5804,1660998000000000.0
5805,250804080000000.0
5806,250803940000000.0
5807,166101520000000.0
5808,221468010000000.0
5809,284556150000000.0
5810,250803500000000.0
5811,250803710000000.0
5812,276834260000000.0
5813,376494080000000.0
5814,250803840000000.0
5815,21904134000000.0
5816,250804080000000.0
5817,250803840000000.0
5818,250803980000000.0
5819,199321260000000.0
5820,250803740000000.0
5821,250803470000000.0
5822,250803470000000.0
5823,276834180000000.0
5824,276834730000000.0
5825,250803740000000.0
5826,55367808000000.0
5827,250803840000000.0
5828,1439532400000000.0
5829,409713840000000.0
5830,44294710000000.0
5831,254687970000000.0
5832,121807655000000.0
5833,265760900000000.0
5834,250804060000000.0
5835,250803580000000.0
5836,442933940000000.0
5837,166101330000000.0
5838,250803580000000.0
5839,310054300000000.0
5840,929249700.0
5841,431860240000000.0
5842,276833910000000.0
5843,250803600000000.0
5844,250803810000000.0
5845,250803040000000.0
5846,250803840000000.0
5847,553666850000000.0
5848,332200620000000.0
5849,27683501000000.0
5850,143955060000000.0
5851,55367782000000.0
5852,250803940000000.0
5853,310054160000000.0
5854,77514580000000.0
5855,609033740000000.0
5856,121807740000000.0
5857,1660998500000000.0
5858,250803640000000.0
5859,287907300000000.0
5860,520446900000000.0
5861,250803980000000.0
5862,250803810000000.0
5863,642253600000000.0
5864,1384166100000000.0
5865,77514670000000.0
5866,110734350000000.0
5867,250803680000000.0
5868,254688340000000.0
5869,16943472000000.0
5870,1662017900000.0
5871,265760870000000.0
5872,775133500000000.0
5873,250804250000000.0
5874,250803840000000.0
5875,332200800000000.0
5876,254687330000000.0
5877,11074303000000.0
5878,609033900000000.0
5879,27684418000000.0
5880,332201220000000.0
5881,387567300000000.0
5882,1218065600000000.0
5883,250803840000000.0
5884,99661310000000.0
5885,250803940000000.0
5886,99661140000000.0
5887,250803940000000.0
5888,66442674000000.0
5889,250803580000000.0
5890,44295040000000.0
5891,552559560000000.0
5892,83051246000000.0
5893,250803710000000.0
5894,664399770000000.0
5895,110734320000000.0
5896,609033340000000.0
5897,4430261000000.0
5898,199320910000000.0
5899,2714341200000.0
5900,250804530000000.0
5901,250803640000000.0
5902,250803740000000.0
5903,177174450000000.0
5904,387567250000000.0
5905,664400030000000.0
5906,387567080000000.0
5907,250803580000000.0
5908,276833950000000.0
5909,221468510000000.0
5910,250804250000000.0
5911,38757726000000.0
5912,1660998100000000.0
5913,332200550000000.0
5914,250803980000000.0
5915,11074517000000.0
5916,287907630000000.0
5917,996600050000000.0
5918,387567680000000.0
5919,210394170000000.0
5920,250803580000000.0
5921,287907430000000.0
5922,44294644000000.0
5923,33221270000000.0
5924,166100750000000.0
5925,1660998000000000.0
5926,250803640000000.0
5927,44319847000000.0
5928,553666850000000.0
5929,250803600000000.0
5930,210394360000000.0
5931,221467620000000.0
5932,250803840000000.0
5933,110734710000000.0
5934,121808160000000.0
5935,819427100000000.0
5936,420787700000000.0
5937,250803940000000.0
5938,250803710000000.0
5939,55367760000000.0
5940,553666550000000.0
5941,132881170000000.0
5942,398640540000000.0
5943,250803810000000.0
5944,160564300000000.0
5945,250803940000000.0
5946,250803740000000.0
5947,250803440000000.0
5948,442935250000000.0
5949,250804010000000.0
5950,1184846500000000.0
5951,276834060000000.0
5952,13842865000000.0
5953,365421520000000.0
5954,81943990000000.0
5955,420786970000000.0
5956,442933740000000.0
5957,66441424000000.0
5958,609033340000000.0
5959,199320960000000.0
5960,1310127600.0
5961,250803710000000.0
5962,33166104000000.0
5963,221467350000000.0
5964,332200920000000.0
5965,332200700000000.0
5966,75299820000000.0
5967,1107332300000000.0
5968,775133000000000.0
5969,232541270000000.0
5970,110734160000000.0
5971,10520721000000.0
5972,259116950000000.0
5973,321127660000000.0
5974,250803810000000.0
5975,77514590000000.0
5976,1772630300000.0
5977,250803640000000.0
5978,1827099500000000.0
5979,55367757000000.0
5980,1107332300000000.0
5981,55367790000000.0
5982,841573740000000.0
5983,250803640000000.0
5984,221467470000000.0
5985,554774480000000.0
5986,250803980000000.0
5987,188247440000000.0
5988,243614140000000.0
5989,200679010000.0
5990,664400400000000.0
5991,250803740000000.0
5992,310053720000000.0
5993,221467620000000.0
5994,4983891000000.0
5995,188247750000000.0
5996,138417745000000.0
5997,221467590000000.0
5998,642253700000000.0
5999,177927650000.0
6000,27684355000000.0
6001,250804350000000.0
6002,3566646600000.0
6003,1550265500000000.0
6004,38758100000000.0
6005,250803840000000.0
6006,42080120000000.0
6007,250803680000000.0
6008,10222109000000.0
6009,454007370000000.0
6010,387567400000000.0
6011,188247560000000.0
6012,110734190000000.0
6013,1771730600000000.0
6014,250804040000000.0
6015,4430624700000.0
6016,276834130000000.0
6017,250803540000000.0
6018,55368047000000.0
6019,27684208000000.0
6020,250803840000000.0
6021,33221257000000.0
6022,31006814000000.0
6023,250804130000000.0
6024,33221144000000.0
6025,250804210000000.0
6026,764059800000000.0
6027,55367933000000.0
6028,885866100000000.0
6029,250803810000000.0
6030,1328798600000000.0
6031,221468000000000.0
6032,250803580000000.0
6033,55367984000000.0
6034,250803810000000.0
6035,2214664500000000.0
6036,25469689000000.0
6037,250803710000000.0
6038,250803420000000.0
6039,250803860000000.0
6040,243614150000000.0
6041,1107332760000000.0
6042,250803640000000.0
6043,708693000000000.0
6044,250803640000000.0
6045,166101180000000.0
6046,554629300000.0
6047,250804010000000.0
6048,33220972000000.0
6049,66441190000000.0
6050,250803600000000.0
6051,2437412800000.0
6052,465080470000000.0
6053,250803360000000.0
6054,4862492300000.0
6055,250803910000000.0
6056,166100930000000.0
6057,250803640000000.0
6058,199321080000000.0
6059,775133800000000.0
6060,276834370000000.0
6061,332201200000000.0
6062,19933002000000.0
6063,664399900000000.0
6064,250803840000000.0
6065,33221964000000.0
6066,276833880000000.0
6067,44294470000000.0
6068,5537501500000.0
6069,885866900000000.0
6070,609033700000000.0
6071,250803740000000.0
6072,19933377000000.0
6073,33221553000000.0
6074,38757483000000.0
6075,250803640000000.0
6076,243614690000000.0
6077,250803980000000.0
6078,359884340000000.0
6079,1384166400000000.0
6080,250803580000000.0
6081,5538041600000.0
6082,55367630000000.0
6083,442934880000000.0
6084,99661025000000.0
6085,210394500000000.0
6086,110734260000000.0
6087,143954550000000.0
6088,250803810000000.0
6089,9967104000000.0
6090,1517045700000000.0
6091,250803740000000.0
6092,33221304000000.0
6093,33221312000000.0
6094,664400100000000.0
6095,188247750000000.0
6096,53152970000000.0
6097,71978275000000.0
6098,276833910000000.0
6099,166100900000000.0
6100,166100950000000.0
6101,885866700000000.0
6102,387567200000000.0
6103,387567380000000.0
6104,250803710000000.0
6105,250803980000000.0
6106,250803640000000.0
6107,250803420000000.0
6108,332200700000000.0
6109,250803910000000.0
6110,420787340000000.0
6111,1440290000000.0
6112,250803600000000.0
6113,188247410000000.0
6114,398640300000000.0
6115,775133500000000.0
6116,250803680000000.0
6117,250804130000000.0
6118,332200400000000.0
6119,719766300000000.0
6120,265760770000000.0
6121,71977390000000.0
6122,830500000000000.0
6123,5537989000000.0
6124,77514250000000.0
6125,55367750000000.0
6126,33221290000000.0
6127,250803810000000.0
6128,1771730900000000.0
6129,250804010000000.0
6130,250803600000000.0
6131,13289305000000.0
6132,250803710000000.0
6133,88587710000000.0
6134,276834060000000.0
6135,199320960000000.0
6136,1384166100000000.0
6137,387567300000000.0
6138,250803740000000.0
6139,2768331400000000.0
6140,250803780000000.0
6141,132881000000000.0
6142,250803810000000.0
6143,250803810000000.0
6144,250803840000000.0
6145,250803810000000.0
6146,132880836000000.0
6147,387567100000000.0
6148,166100710000000.0
6149,553667320000000.0
6150,1716365700000000.0
6151,71978470000000.0
6152,2624379600000000.0
6153,21262820000000.0
6154,250803600000000.0
6155,609033500000000.0
6156,16611341000000.0
6157,50938590000000.0
6158,609033700000000.0
6159,33221144000000.0
6160,49831830000000.0
6161,232541020000000.0
6162,22147758000000.0
6163,250804130000000.0
6164,250803980000000.0
6165,110734690000000.0
6166,221467700000000.0
6167,27684646000000.0
6168,66441230000000.0
6169,276834370000000.0
6170,250803840000000.0
6171,100768825000000.0
6172,250803810000000.0
6173,22148022000000.0
6174,276834130000000.0
6175,90463030000000.0
6176,3323437800000.0
6177,332201100000000.0
6178,250803740000000.0
6179,775133800000000.0
6180,221468080000000.0
6181,250803840000000.0
6182,885866500000000.0
6183,88587560000000.0
6184,1827098800000000.0
6185,55367887000000.0
6186,250804130000000.0
6187,17718540000000.0
6188,254687770000000.0
6189,250804410000000.0
6190,287908000000000.0
6191,250803640000000.0
6192,282371080000000.0
6193,66441873000000.0
6194,12181903000000.0
6195,250803600000000.0
6196,127344910000000.0
6197,11631279000000.0
6198,609033540000000.0
6199,1384166500000000.0
6200,250803710000000.0
6201,27850640000000.0
6202,664399900000000.0
6203,1539192500000000.0
6204,250803780000000.0
6205,1662028600000.0
6206,387567500000000.0
6207,310054020000000.0
6208,110735320000000.0
6209,250803540000000.0
6210,42078890000000.0
6211,276834420000000.0
6212,250803740000000.0
6213,420022770000000.0
6214,250803940000000.0
6215,110734530000000.0
6216,221467440000000.0
6217,250803810000000.0
6218,11074444000000.0
6219,221467520000000.0
6220,4430184300000.0
6221,250804060000000.0
6222,250803740000000.0
6223,166101130000000.0
6224,132880920000000.0
6225,332201430000000.0
6226,250803980000000.0
6227,250803740000000.0
6228,30397110000000.0
6229,250803680000000.0
6230,250803780000000.0
6231,609033740000000.0
6232,88587500000000.0
6233,885866500000000.0
6234,221467250000000.0
6235,199321010000000.0
6236,44294904000000.0
6237,10269314000000.0
6238,250803740000000.0
6239,597961250000000.0
6240,553667100000000.0
6241,250803680000000.0
6242,250803260000000.0
6243,99660950000000.0
6244,498300160000000.0
6245,33221058000000.0
6246,1219664300000.0
6247,2214664500000000.0
6248,250803600000000.0
6249,250803940000000.0
6250,354347080000000.0
6251,442933570000000.0
6252,265760600000000.0
6253,132880836000000.0
6254,885866940000000.0
6255,44294577000000.0
6256,132880970000000.0
6257,642253200000000.0
6258,250803600000000.0
6259,250803810000000.0
6260,250803840000000.0
6261,664399600000000.0
6262,132880820000000.0
6263,7199437000000.0
6264,23144530000000.0
6265,250804770000000.0
6266,250803840000000.0
6267,398640800000000.0
6268,250803360000000.0
6269,609033800000000.0
6270,664400200000000.0
6271,830499640000000.0
6272,44294140000000.0
6273,397160830000000.0
6274,1107332300000000.0
6275,166100910000000.0
6276,110734265000000.0
6277,55367790000000.0
6278,99660660000000.0
6279,143954120000000.0
6280,250803740000000.0
6281,11074565000000.0
6282,941232600000000.0
6283,243614500000000.0
6284,719766700000000.0
6285,199320810000000.0
6286,250803640000000.0
6287,110734540000000.0
6288,1107332300000000.0
6289,719767000000000.0
6290,250803500000000.0
6291,276834180000000.0
6292,1107333840000000.0
6293,697620670000000.0
6294,11074676000000.0
6295,1660998900000000.0
6296,22147850000000.0
6297,276834480000000.0
6298,250803600000000.0
6299,250803470000000.0
6300,243614030000000.0
6301,166100710000000.0
6302,250803740000000.0
6303,8306167400000.0
6304,88587510000000.0
6305,775133200000000.0
6306,132880900000000.0
6307,16611168000000.0
6308,250803740000000.0
6309,250803640000000.0
6310,232540800000000.0
6311,250803580000000.0
6312,250803740000000.0
6313,310053920000000.0
6314,221467440000000.0
6315,250803980000000.0
6316,163886640000000.0
6317,830499840000000.0
6318,276834130000000.0
6319,198213450000000.0
6320,250803600000000.0
6321,996598800000000.0
6322,88587860000000.0
6323,99661280000000.0
6324,250803840000000.0
6325,404177230000000.0
6326,7752321600000.0
6327,66441400000000.0
6328,387567450000000.0
6329,45860814000000.0
6330,11074217000000.0
6331,498300160000000.0
6332,501526530000.0
6333,88588090000000.0
6334,250803940000000.0
6335,276833830000000.0
6336,44296580000000.0
6337,332200620000000.0
6338,6645036400000.0
6339,250804150000000.0
6340,22147542000000.0
6341,333045170000.0
6342,250804040000000.0
6343,199321240000000.0
6344,276834570000000.0
6345,250803710000000.0
6346,719766660000000.0
6347,387567180000000.0
6348,250803940000000.0
6349,210394000000000.0
6350,250803640000000.0
6351,775133200000000.0
6352,387567380000000.0
6353,250803640000000.0
6354,250803580000000.0
6355,250803360000000.0
6356,250803640000000.0
6357,55367845000000.0
6358,2769380000000.0
6359,250803740000000.0
6360,250803810000000.0
6361,664400100000000.0
6362,250804040000000.0
6363,250804080000000.0
6364,250803940000000.0
6365,775133150000000.0
6366,250804210000000.0
6367,16611241000000.0
6368,166100780000000.0
6369,250803810000000.0
6370,996599250000000.0
6371,77514410000000.0
6372,221467520000000.0
6373,44294434000000.0
6374,132880970000000.0
6375,996598800000000.0
6376,33221046000000.0
6377,16611360000000.0
6378,33221211000000.0
6379,885866260000000.0
6380,66441013000000.0
6381,819430900000000.0
6382,332200720000000.0
6383,221467870000000.0
6384,442933740000000.0
6385,250803940000000.0
6386,1550265400000000.0
6387,88587730000000.0
6388,250803810000000.0
6389,250803740000000.0
6390,132881490000000.0
6391,250803740000000.0
6392,310053620000000.0
6393,775134100000000.0
6394,885866100000000.0
6395,250803810000000.0
6396,711729740000.0
6397,250803840000000.0
6398,250804040000000.0
6399,250803540000000.0
6400,13289401000000.0
6401,250803540000000.0
6402,250803940000000.0
6403,250803940000000.0
6404,88587630000000.0
6405,250803910000000.0
6406,18272378000000.0
6407,110734625000000.0
6408,218145150000000.0
6409,387567100000000.0
6410,60904650000000.0
6411,27684143000000.0
6412,1108304300000.0
6413,332200620000000.0
6414,1273431800000000.0
6415,250803600000000.0
6416,2215921600000.0
6417,575813900000000.0
6418,332200550000000.0
6419,138417720000000.0
6420,177174330000000.0
6421,132881220000000.0
6422,250803580000000.0
6423,250803860000000.0
6424,188248030000000.0
6425,109627090000000.0
6426,88587740000000.0
6427,250803740000000.0
6428,23421015000000.0
6429,221467370000000.0
6430,332200650000000.0
6431,775133300000000.0
6432,575814050000000.0
6433,77514780000000.0
6434,110734440000000.0
6435,140632410000000.0
6436,332200550000000.0
6437,250804040000000.0
6438,132880870000000.0
6439,99660950000000.0
6440,265761030000000.0
6441,33221253000000.0
6442,83050880000000.0
6443,8992624000000.0
6444,250803740000000.0
6445,1594559000000000.0
6446,885866000000000.0
6447,250804040000000.0
6448,250803740000000.0
6449,66441382000000.0
6450,143954080000000.0
6451,22147947000000.0
6452,442933600000000.0
6453,387567300000000.0
6454,177174210000000.0
6455,221467370000000.0
6456,250804150000000.0
6457,609033600000000.0
6458,250803940000000.0
6459,250803810000000.0
6460,664399770000000.0
6461,365420680000000.0
6462,730840400000000.0
6463,250803470000000.0
6464,250804530000000.0
6465,250803810000000.0
6466,60904704000000.0
6467,5537833400000.0
6468,250803740000000.0
6469,99660975000000.0
6470,333193280000.0
6471,2326452000000.0
6472,33221106000000.0
6473,110734676000000.0
6474,250803840000000.0
6475,250803840000000.0
6476,1218065600000000.0
6477,332200720000000.0
6478,55367824000000.0
6479,1218065300000000.0
6480,276834130000000.0
6481,487227670000000.0
6482,43186878000000.0
6483,250803540000000.0
6484,885866260000000.0
6485,442933740000000.0
6486,250803640000000.0
6487,442933670000000.0
6488,221467440000000.0
6489,250803640000000.0
6490,250804180000000.0
6491,55367808000000.0
6492,62565500000000.0
6493,38758120000000.0
6494,885866260000000.0
6495,21594934000000.0
6496,1384166000000000.0
6497,885866100000000.0
6498,420787070000000.0
6499,28791750000000.0
6500,250803840000000.0
6501,250803640000000.0
6502,531520560000000.0
6503,110734380000000.0
6504,23022970000000.0
6505,166101080000000.0
6506,1331700500.0
6507,250803940000000.0
6508,420787200000000.0
6509,250803980000000.0
6510,33221046000000.0
6511,9413469000000.0
6512,250803810000000.0
6513,46509090000000.0
6514,250803940000000.0
6515,664399900000000.0
6516,143954740000000.0
6517,250803810000000.0
6518,250804040000000.0
6519,182711080000000.0
6520,250803600000000.0
6521,1550265500000000.0
6522,155027770000000.0
6523,110734940000000.0
6524,221467320000000.0
6525,121808290000000.0
6526,1328798500000000.0
6527,11074309000000.0
6528,121807600000000.0
6529,250803810000000.0
6530,664400500000000.0
6531,250803840000000.0
6532,250803810000000.0
6533,250803740000000.0
6534,2214663200000000.0
6535,33221245000000.0
6536,110734570000000.0
6537,553667100000000.0
6538,276834060000000.0
6539,376494900000000.0
6540,442934000000000.0
6541,553667100000000.0
6542,55367930000000.0
6543,3322896000000.0
6544,49831720000000.0
6545,243613880000000.0
6546,941233360000000.0
6547,4131470200000.0
6548,166101000000000.0
6549,387567300000000.0
6550,110734390000000.0
6551,553666650000000.0
6552,276834010000000.0
6553,4052576000.0
6554,221467350000000.0
6555,250804080000000.0
6556,265760950000000.0
6557,250803710000000.0
6558,354348160000000.0
6559,271297550000000.0
6560,830500000000000.0
6561,1099850900.0
6562,442934400000000.0
6563,23255641000000.0
6564,110734676000000.0
6565,66441156000000.0
6566,177174260000000.0
6567,250803740000000.0
6568,112949060000000.0
6569,2769286300000.0
6570,387567300000000.0
6571,110734415000000.0
6572,250803300000000.0
6573,27685328000000.0
6574,188247530000000.0
6575,66440804000000.0
6576,121807740000000.0
6577,11074231000000.0
6578,553666900000000.0
6579,250803840000000.0
6580,728378100000.0
6581,199320810000000.0
6582,3326364200.0
6583,250803710000000.0
6584,3876958200000.0
6585,332200720000000.0
6586,310054300000000.0
6587,250804210000000.0
6588,250803980000000.0
6589,287907430000000.0
6590,885866400000000.0
6591,66441130000000.0
6592,775133500000000.0
6593,365420900000000.0
6594,221468530000000.0
6595,250803540000000.0
6596,797280000000000.0
6597,250803740000000.0
6598,105197930000000.0
6599,87480840000000.0
6600,250803980000000.0
6601,250804180000000.0
6602,1439532600000000.0
6603,332200920000000.0
6604,110734490000000.0
6605,719766460000000.0
6606,7752316400000.0
6607,476153630000000.0
6608,250803500000000.0
6609,4430383500000.0
6610,250803470000000.0
6611,14883990000000.0
6612,1040893500000000.0
6613,310054000000000.0
6614,1660997500000000.0
6615,250803780000000.0
6616,664400030000000.0
6617,332200550000000.0
6618,221467370000000.0
6619,32114250000000.0
6620,11074242000000.0
6621,85266220000000.0
6622,553666950000000.0
6623,664400500000000.0
6624,830499840000000.0
6625,442934040000000.0
6626,250804040000000.0
6627,60905103000000.0
6628,250803580000000.0
6629,66441190000000.0
6630,250803740000000.0
6631,250803740000000.0
6632,250803640000000.0
6633,70870400000000.0
6634,166101100000000.0
6635,250803640000000.0
6636,664400030000000.0
6637,387567040000000.0
6638,1087182700.0
6639,142877960000000.0
6640,250804080000000.0
6641,1018746800000000.0
6642,775133200000000.0
6643,250803980000000.0
6644,250803980000000.0
6645,276833950000000.0
6646,76407320000000.0
6647,250803940000000.0
6648,282205050000000.0
6649,250803680000000.0
6650,250803810000000.0
6651,276834010000000.0
6652,33220821000000.0
6653,155027720000000.0
6654,775132900000000.0
6655,88588020000000.0
6656,250803940000000.0
6657,332201020000000.0
6658,5537579700000.0
6659,11074463000000.0
6660,250803640000000.0
6661,250803640000000.0
6662,66441230000000.0
6663,1882465100000000.0
6664,5537912600000.0
6665,250803400000000.0
6666,44294526000000.0
6667,409714040000000.0
6668,71977960000000.0
6669,250803640000000.0
6670,250803740000000.0
6671,126237280000000.0
6672,250803840000000.0
6673,332201020000000.0
6674,764060050000000.0
6675,387568220000000.0
6676,250803810000000.0
6677,250803740000000.0
6678,33276616000000.0
6679,1660998100000000.0
6680,99661160000000.0
6681,1882465600000000.0
6682,44295084000000.0
6683,250803940000000.0
6684,250803600000000.0
6685,250803980000000.0
6686,250804180000000.0
6687,376494100000000.0
6688,298980630000000.0
6689,55368294000000.0
6690,664400300000000.0
6691,250803940000000.0
6692,2823696500000000.0
6693,265760530000000.0
6694,378708640000000.0
6695,66442406000000.0
6696,553667100000000.0
6697,17497261000000.0
6698,243613880000000.0
6699,1660997500000000.0
6700,941232800000000.0
6701,221467520000000.0
6702,155027650000000.0
6703,77514446000000.0
6704,250803640000000.0
6705,166101220000000.0
6706,177174260000000.0
6707,121807790000000.0
6708,2215960600000.0
6709,250803710000000.0
6710,409714240000000.0
6711,44294962000000.0
6712,553667050000000.0
6713,250804080000000.0
6714,250803500000000.0
6715,250803740000000.0
6716,376493700000000.0
6717,1439531800000000.0
6718,9967146000000.0
6719,88587860000000.0
6720,876034100000.0
6721,609033340000000.0
6722,49831138000000.0
6723,642253600000000.0
6724,4430621000000.0
6725,250803600000000.0
6726,387567850000000.0
6727,250803980000000.0
6728,250803810000000.0
6729,85265840000000.0
6730,88587860000000.0
6731,25469792000000.0
6732,250803740000000.0
6733,250805020000000.0
6734,42079816000000.0
6735,498300360000000.0
6736,250803940000000.0
6737,77514080000000.0
6738,22147716000000.0
6739,250803980000000.0
6740,250803540000000.0
6741,540620780000.0
6742,564740100000000.0
6743,310055100000000.0
6744,250803860000000.0
6745,250804150000000.0
6746,321127620000000.0
6747,64890895000000.0
6748,11074270000000.0
6749,1255291400.0
6750,250803810000000.0
6751,199320660000000.0
6752,631180740000000.0
6753,120922000000000.0
6754,354348020000000.0
6755,250804060000000.0
6756,830499640000000.0
6757,81943980000000.0
6758,66441106000000.0
6759,553667400000000.0
6760,177174330000000.0
6761,55368093000000.0
6762,250803580000000.0
6763,42080164000000.0
6764,776269100000.0
6765,1328799100000000.0
6766,250803360000000.0
6767,143954170000000.0
6768,697620260000000.0
6769,19933700000000.0
6770,66441100000000.0
6771,250804150000000.0
6772,250803810000000.0
6773,250803980000000.0
6774,664401100000000.0
6775,1384165400000000.0
6776,12757442000000.0
6777,55368093000000.0
6778,365420380000000.0
6779,250804130000000.0
6780,221467700000000.0
6781,250803680000000.0
6782,553667320000000.0
6783,138417830000000.0
6784,250803940000000.0
6785,310054560000000.0
6786,31006195000000.0
6787,250804060000000.0
6788,250803710000000.0
6789,250803910000000.0
6790,11074697000000.0
6791,199320840000000.0
6792,1494898100000000.0
6793,354347600000000.0
6794,250804040000000.0
6795,250803680000000.0
6796,2214663800000000.0
6797,250803740000000.0
6798,143954020000000.0
6799,250803810000000.0
6800,775132750000000.0
6801,420787580000000.0
6802,250803780000000.0
6803,841572800000000.0
6804,250802870000000.0
6805,188248700000000.0
6806,66440955000000.0
6807,310053960000000.0
6808,250803740000000.0
6809,77514480000000.0
6810,250803940000000.0
6811,193784330000000.0
6812,250804010000000.0
6813,553667320000000.0
6814,250803580000000.0
6815,250803980000000.0
6816,250803740000000.0
6817,250803470000000.0
6818,250803470000000.0
6819,127345030000000.0
6820,210394410000000.0
6821,38757860000000.0
6822,199321010000000.0
6823,250804010000000.0
6824,830499440000000.0
6825,354348020000000.0
6826,276833880000000.0
6827,250803640000000.0
6828,250803640000000.0
6829,250803420000000.0
6830,250803940000000.0
6831,210394020000000.0
6832,132880900000000.0
6833,110734625000000.0
6834,250804150000000.0
6835,498300830000000.0
6836,250803840000000.0
6837,697619700000000.0
6838,250803600000000.0
6839,44294467000000.0
6840,129558960000000.0
6841,77514000000000.0
6842,33220980000000.0
6843,2216170000000.0
6844,553666850000000.0
6845,33221268000000.0
6846,166100950000000.0
6847,11074746000000.0
6848,110734350000000.0
6849,55367808000000.0
6850,332200900000000.0
6851,332202330000000.0
6852,250804040000000.0
6853,250803600000000.0
6854,110734575000000.0
6855,155028020000000.0
6856,965691970.0
6857,44295206000000.0
6858,110734090000000.0
6859,277941480000000.0
6860,132880890000000.0
6861,332200550000000.0
6862,155027520000000.0
6863,996599850000000.0
6864,33221274000000.0
6865,60904250000000.0
6866,531520300000000.0
6867,55367940000000.0
6868,2768330300000000.0
6869,121807860000000.0
6870,250803740000000.0
6871,166101550000000.0
6872,250803680000000.0
6873,66441350000000.0
6874,121807760000000.0
6875,250803740000000.0
6876,276834130000000.0
6877,207072450000000.0
6878,250803580000000.0
6879,250803840000000.0
6880,66440720000000.0
6881,44294275000000.0
6882,830499600000000.0
6883,210394410000000.0
6884,250804010000000.0
6885,67548704000000.0
6886,6645128000000.0
6887,44294770000000.0
6888,199321010000000.0
6889,94124430000000.0
6890,250804040000000.0
6891,276834130000000.0
6892,697620600000000.0
6893,908012860000000.0
6894,177174630000000.0
6895,250803740000000.0
6896,250803640000000.0
6897,250803600000000.0
6898,110734490000000.0
6899,77514966000000.0
6900,376493680000000.0
6901,287907430000000.0
6902,16611002000000.0
6903,332200500000000.0
6904,199321920000000.0
6905,199320960000000.0
6906,1107332500000000.0
6907,55367824000000.0
6908,11074651000000.0
6909,250804040000000.0
6910,106305170000000.0
6911,19933450000000.0
6912,80836770000000.0
6913,2314324300000000.0
6914,442934170000000.0
6915,28792148000000.0
6916,110734265000000.0
6917,1971051800000000.0
6918,343273820000000.0
6919,250803680000000.0
6920,476153830000000.0
6921,1439531600000000.0
6922,24792678000000.0
6923,250803940000000.0
6924,250803140000000.0
6925,88587780000000.0
6926,20863500000000.0
6927,250803640000000.0
6928,254687280000000.0
6929,276834250000000.0
6930,996599500000000.0
6931,110734160000000.0
6932,66441013000000.0
6933,250803810000000.0
6934,664400300000000.0
6935,250804000000000.0
6936,193784030000000.0
6937,1051965700000000.0
6938,18825752000000.0
6939,250804150000000.0
6940,210394700000000.0
6941,332201100000000.0
6942,250803910000000.0
6943,250803600000000.0
6944,830500000000000.0
6945,55367940000000.0
6946,332200820000000.0
6947,720826400000.0
6948,44294874000000.0
6949,243614760000000.0
6950,1660998300000000.0
6951,11074323000000.0
6952,68655635000000.0
6953,33222210000000.0
6954,155027720000000.0
6955,221467860000000.0
6956,250803940000000.0
6957,250803980000000.0
6958,11074252000000.0
6959,33221056000000.0
6960,188247480000000.0
6961,71977780000000.0
6962,664400200000000.0
6963,132881140000000.0
6964,44294570000000.0
6965,250803710000000.0
6966,166101480000000.0
6967,941232550000000.0
6968,88587500000000.0
6969,89492400000.0
6970,66441190000000.0
6971,465080700000000.0
6972,22147548000000.0
6973,276834250000000.0
6974,195998840000000.0
6975,250803940000000.0
6976,55368474000000.0
6977,250803840000000.0
6978,250803740000000.0
6979,155027780000000.0
6980,276834280000000.0
6981,250803640000000.0
6982,553666900000000.0
6983,250803710000000.0
6984,673203240000000.0
6985,1328798900000000.0
6986,221467620000000.0
6987,12181715000000.0
6988,250803810000000.0
6989,83051304000000.0
6990,1605631600000000.0
6991,250803640000000.0
6992,250803810000000.0
6993,250803580000000.0
6994,250803640000000.0
6995,332200620000000.0
6996,387567140000000.0
6997,250803540000000.0
6998,250804040000000.0
6999,586887200000000.0
7000,250803940000000.0
7001,250803740000000.0
7002,250803840000000.0
7003,250804150000000.0
7004,398640280000000.0
7005,250803710000000.0
7006,250803680000000.0
7007,250803740000000.0
7008,442933670000000.0
7009,250804060000000.0
7010,199320940000000.0
7011,250803600000000.0
7012,250803600000000.0
7013,6645053000000.0
7014,1141593600000.0
7015,941232800000000.0
7016,1472751500000000.0
7017,65334170000000.0
7018,250803940000000.0
7019,609033300000000.0
7020,553666600000000.0
7021,250804250000000.0
7022,121808530000000.0
7023,221467770000000.0
7024,7442606000000.0
7025,7752408600000.0
7026,1018746240000000.0
7027,719766460000000.0
7028,250803840000000.0
7029,110734474000000.0
7030,193784600000000.0
7031,310054260000000.0
7032,121807790000000.0
7033,13288955000000.0
7034,166101430000000.0
7035,55367837000000.0
7036,27684554000000.0
7037,250804150000000.0
7038,155027620000000.0
7039,442933700000000.0
7040,110734105000000.0
7041,221467640000000.0
7042,409713540000000.0
7043,250803680000000.0
7044,199320670000000.0
7045,155027780000000.0
7046,254687800000000.0
7047,664399770000000.0
7048,250803680000000.0
7049,276833880000000.0
7050,250803640000000.0
7051,250803540000000.0
7052,332200550000000.0
7053,88587590000000.0
7054,221467250000000.0
7055,376495160000000.0
7056,1273432300000000.0
7057,3323059000000.0
7058,250803810000000.0
7059,166100850000000.0
7060,33221199000000.0
7061,38757940000000.0
7062,199321180000000.0
7063,250803740000000.0
7064,498300530000000.0
7065,166100910000000.0
7066,250803740000000.0
7067,250803540000000.0
7068,166101120000000.0
7069,250804250000000.0
7070,930159460000000.0
7071,885866700000000.0
7072,250803600000000.0
7073,310054200000000.0
7074,55367790000000.0
7075,387567300000000.0
7076,664399700000000.0
7077,33221370000000.0
7078,243614290000000.0
7079,892548300.0
7080,56138943000000.0
7081,166100950000000.0
7082,250803840000000.0
7083,250803640000000.0
7084,132881220000000.0
7085,94124710000000.0
7086,250803170000000.0
7087,996599250000000.0
7088,498300330000000.0
7089,99660815000000.0
7090,66441230000000.0
7091,250803740000000.0
7092,553667100000000.0
7093,243614390000000.0
7094,177174400000000.0
7095,250803860000000.0
7096,11074404000000.0
7097,465080600000000.0
7098,66441340000000.0
7099,276834280000000.0
7100,110734350000000.0
7101,36543630000000.0
7102,250803680000000.0
7103,6202180000000.0
7104,276833910000000.0
7105,232541340000000.0
7106,110734440000000.0
7107,265760870000000.0
7108,250803810000000.0
7109,166101100000000.0
7110,250803740000000.0
7111,250803840000000.0
7112,243614900000000.0
7113,553667220000000.0
7114,80559890000000.0
7115,250804180000000.0
7116,250803980000000.0
7117,250803500000000.0
7118,71977820000000.0
7119,27684890000000.0
7120,443882640000.0
7121,332200400000000.0
7122,11074317000000.0
7123,250803710000000.0
7124,1937831000000000.0
7125,60904792000000.0
7126,609035000000000.0
7127,498300530000000.0
7128,44294535000000.0
7129,29744223000000.0
7130,11074544000000.0
7131,250804350000000.0
7132,250803840000000.0
7133,863720300000000.0
7134,221467700000000.0
7135,609033700000000.0
7136,166101990000000.0
7137,221467250000000.0
7138,33221287000000.0
7139,22147792000000.0
7140,1107332960000000.0
7141,250803740000000.0
7142,287907100000000.0
7143,132881990000000.0
7144,16611375000000.0
7145,276834130000000.0
7146,51159830000000.0
7147,221467620000000.0
7148,16611324000000.0
7149,250803810000000.0
7150,2317940700.0
7151,65334027000000.0
7152,221468010000000.0
7153,250803840000000.0
7154,188247460000000.0
7155,1096258700000000.0
7156,210394040000000.0
7157,387567250000000.0
7158,250803640000000.0
7159,77514190000000.0
7160,250803710000000.0
7161,387567040000000.0
7162,1218066100000000.0
7163,38758066000000.0
7164,250803840000000.0
7165,719766700000000.0
7166,110734520000000.0
7167,250803440000000.0
7168,250803780000000.0
7169,250803940000000.0
7170,250803940000000.0
7171,16611346000000.0
7172,250803840000000.0
7173,250803940000000.0
7174,66440970000000.0
7175,4430292000000.0
7176,77514410000000.0
7177,553666850000000.0
7178,221467620000000.0
7179,620107100000000.0
7180,250803580000000.0
7181,250803740000000.0
7182,498300230000000.0
7183,250803540000000.0
7184,2768330300000000.0
7185,250803940000000.0
7186,177174510000000.0
7187,177174380000000.0
7188,243614760000000.0
7189,33221006000000.0
7190,14396495000000.0
7191,250803540000000.0
7192,110734760000000.0
7193,250803840000000.0
7194,664401100000000.0
7195,221467400000000.0
7196,88587780000000.0
7197,77514330000000.0
7198,250803740000000.0
7199,250803980000000.0
7200,586887550000000.0
7201,250803740000000.0
7202,142845710000000.0
7203,250803740000000.0
7204,254687280000000.0
7205,1273432300000000.0
7206,387567880000000.0
7207,1384165400000000.0
7208,166100710000000.0
7209,68656130000000.0
7210,12181584000000.0
7211,250803710000000.0
7212,9502147000000.0
7213,121807790000000.0
7214,1029819340000000.0
7215,365421420000000.0
7216,885866200000000.0
7217,250803840000000.0
7218,199320720000000.0
7219,16611578000000.0
7220,332200720000000.0
7221,132881170000000.0
7222,250804380000000.0
7223,250803860000000.0
7224,15504039000000.0
7225,831996700.0
7226,66441517000000.0
7227,498300030000000.0
7228,99661190000000.0
7229,221467250000000.0
7230,14396422000000.0
7231,94124350000000.0
7232,1395238900000000.0
7233,143956110000000.0
7234,1018746100000000.0
7235,188247660000000.0
7236,498300530000000.0
7237,110734320000000.0
7238,250803740000000.0
7239,2214664500000000.0
7240,243614120000000.0
7241,664400500000000.0
7242,250804040000000.0
7243,83051230000000.0
7244,110734575000000.0
7245,13288937000000.0
7246,1174872900000.0
7247,166101400000000.0
7248,420787240000000.0
7249,250803640000000.0
7250,250803600000000.0
7251,199320930000000.0
7252,25470003000000.0
7253,33221232000000.0
7254,166102160000000.0
7255,250803780000000.0
7256,250803880000000.0
7257,55368050000000.0
7258,221467520000000.0
7259,88587520000000.0
7260,250803640000000.0
7261,1660998900000000.0
7262,250803540000000.0
7263,354347220000000.0
7264,21040705000000.0
7265,12181846000000.0
7266,221467470000000.0
7267,250803840000000.0
7268,250803840000000.0
7269,553667100000000.0
7270,1328798600000000.0
7271,11074662000000.0
7272,94124860000000.0
7273,11074544000000.0
7274,250804080000000.0
7275,121808190000000.0
7276,250803810000000.0
7277,509373660000000.0
7278,752987160000000.0
7279,697621300000000.0
7280,442934070000000.0
7281,166101280000000.0
7282,686546900000000.0
7283,775133300000000.0
7284,250803840000000.0
7285,365420600000000.0
7286,210395010000000.0
7287,132881160000000.0
7288,250804080000000.0
7289,664400400000000.0
7290,121807580000000.0
7291,44294420000000.0
7292,3434007200000.0
7293,37121960000000.0
7294,66440930000000.0
7295,310054300000000.0
7296,250803740000000.0
7297,53153412000000.0
7298,110734420000000.0
7299,250803810000000.0
7300,250803640000000.0
7301,132881090000000.0
7302,1108464400000.0
7303,8859597000000.0
7304,44294620000000.0
7305,250803540000000.0
7306,1771731000000000.0
7307,250803940000000.0
7308,250803640000000.0
7309,39865560000000.0
7310,250803840000000.0
7311,250804040000000.0
7312,775133400000000.0
7313,885866600000000.0
7314,94345735000000.0
7315,99660810000000.0
7316,250803840000000.0
7317,49831420000000.0
7318,664400400000000.0
7319,22148052000000.0
7320,476153830000000.0
7321,250803000000000.0
7322,250803600000000.0
7323,143954470000000.0
7324,55368060000000.0
7325,1439531800000000.0
7326,996599650000000.0
7327,250803940000000.0
7328,365420600000000.0
7329,498300160000000.0
7330,1107332900000000.0
7331,520446900000000.0
7332,243614290000000.0
7333,387567750000000.0
7334,250803840000000.0
7335,132880970000000.0
7336,1108601100000.0
7337,250803940000000.0
7338,254687470000000.0
7339,332200800000000.0
7340,250804080000000.0
7341,250803470000000.0
7342,498300360000000.0
7343,33221125000000.0
7344,250803640000000.0
7345,250803780000000.0
7346,110734415000000.0
7347,62012164000000.0
7348,250803840000000.0
7349,686546700000000.0
7350,143954400000000.0
7351,221467860000000.0
7352,250803540000000.0
7353,250803840000000.0
7354,248566900000.0
7355,276834180000000.0
7356,276834060000000.0
7357,49831330000000.0
7358,44294510000000.0
7359,387567300000000.0
7360,221467440000000.0
7361,250803840000000.0
7362,609034200000000.0
7363,2214663800000000.0
7364,250803810000000.0
7365,298981100000000.0
7366,221467520000000.0
7367,250803580000000.0
7368,250803780000000.0
7369,276834000000000.0
7370,332201360000000.0
7371,250803710000000.0
7372,609033700000000.0
7373,1882464700000000.0
7374,19933420000000.0
7375,177174720000000.0
7376,250803710000000.0
7377,44295030000000.0
7378,146169280000000.0
7379,465080370000000.0
7380,250804080000000.0
7381,250804530000000.0
7382,6645991000000.0
7383,8859629000000.0
7384,110734525000000.0
7385,166101000000000.0
7386,132881220000000.0
7387,250803740000000.0
7388,250803940000000.0
7389,11074183000000.0
7390,250803580000000.0
7391,250803810000000.0
7392,110734370000000.0
7393,1716365300000000.0
7394,465080370000000.0
7395,210394430000000.0
7396,177174410000000.0
7397,22148127000000.0
7398,709850230000.0
